마을명,province,city,details
매관마을,전라남도,나주시,왕곡면
내동마을,전라남도,나주시,노안면
텃골마을,전라남도,나주시,운곡동
장사마을,전라남도,나주시,왕곡면
매성3구마을,전라남도,나주시,산포면
구천마을,전라남도,나주시,왕곡면
우진마을,전라남도,나주시,남평읍
호장마을,전라남도,나주시,다시면
방동마을,전라남도,나주시,문평면
우산3구마을,전라남도,나주시,남평읍
복룡마을,전라남도,나주시,노안면
원두마을,전라남도,나주시,남평읍
추동마을,전라남도,나주시,금천면
청룡마을,전라남도,나주시,공산면
가송마을,전라남도,나주시,평산동
원촌마을,전라남도,나주시,금천면
금산마을,전라남도,나주시,문평면
청동마을,전라남도,나주시,청동
양산마을,전라남도,나주시,문평면
동산마을,전라남도,나주시,동강면
1구덕산마을,전라남도,나주시,문평면
수동마을,전라남도,나주시,문평면
천석마을,전라남도,나주시,금천면
봉추마을,전라남도,나주시,동강면
철산마을,전라남도,나주시,동강면
안영마을,전라남도,나주시,문평면
초동마을,전라남도,나주시,다시면
화정마을,전라남도,나주시,왕곡면
양지마을,전라남도,나주시,동강면
대각마을,전라남도,나주시,동강면
구기촌마을,전라남도,나주시,왕곡면
대도마을,전라남도,나주시,문평면
화정마을,전라남도,나주시,동강면
화정마을,전라남도,나주시,동강면
복용마을,전라남도,나주시,동강면
신흥마을,전라남도,나주시,다시면
월동마을,전라남도,나주시,동강면
용동마을,전라남도,나주시,동강면
평산2구마을,전라남도,나주시,남평읍
두산마을,전라남도,나주시,다시면
2구소학마을,전라남도,나주시,문평면
강암마을,전라남도,나주시,다시면
오봉2구마을,전라남도,나주시,세지면
학암마을,전라남도,영암군,군서면
군서마을,전라남도,영암군,군서면
영풍마을,전라남도,영암군,서호면
학파마을,전라남도,영암군,서호면
원학마을,전라남도,영암군,신북면
영보1구마을,전라남도,영암군,덕진면
엄길마을,전라남도,영암군,서호면
안풍마을,전라남도,영암군,도포면
저두마을,전라남도,영암군,삼호읍
독천마을,전라남도,영암군,학산면
역리3구마을,전라남도,영암군,영암읍
중계마을,전라남도,영암군,시종면
대초마을,전라남도,영암군,미암면
당리마을,전라남도,영암군,미암면
백운동마을,전라남도,영암군,시종면
세원마을,전라남도,영암군,시종면
용두마을,전라남도,영암군,삼호읍
흥월마을,전라남도,영암군,시종면
동산마을,전라남도,영암군,금정면
덕수마을,전라남도,영암군,학산면
금강마을,전라남도,영암군,서호면
장암2구마을,전라남도,영암군,영암읍
원금수마을,전라남도,영암군,신북면
망호리마을,전라남도,영암군,영암읍
명산마을,전라남도,영암군,도포면
화소마을,전라남도,영암군,서호면
비래마을,전라남도,영암군,미암면
서호정마을,전라남도,영암군,군서면
상월마을,전라남도,영암군,학산면
용산마을,전라남도,영암군,신북면
미교마을,전라남도,영암군,학산면
연서마을,전라남도,영암군,시종면
송산마을,전라남도,영암군,시종면
금강1구마을,전라남도,영암군,덕진면
무송동마을,전라남도,영암군,서호면
망호정 마을,전라남도,영암군,영암읍
미촌마을,전라남도,영암군,미암면
한정마을,전라남도,영암군,미암면
회문리2구마을,전라남도,영암군,영암읍
모정리마을,전라남도,영암군,군서면
태평정마을,전라남도,영암군,서호면
지남마을,전라남도,영암군,군서면
봉소리2구마을,전라남도,영암군,시종면
남송정마을,전라남도,영암군,군서면
잠곡마을,전라남도,영암군,영암읍
망남리마을,전라남도,완도군,완도읍
개포마을,전라남도,완도군,완도읍
도남리마을,전라남도,완도군,고금면
원동마을,전라남도,완도군,군외면
남산리마을,전라남도,완도군,군외면
세동리마을,전라남도,완도군,고금면
횡간리마을,전라남도,완도군,소안면
관산리마을,전라남도,완도군,약산면
화흥리마을,전라남도,완도군,완도읍
동촌리마을,전라남도,완도군,청산면
화성마을,전라남도,완도군,고금면
천구마을,전라남도,완도군,노화읍
득암리마을,전라남도,완도군,약산면
영부리마을,전라남도,완도군,고금면
영풍마을,전라남도,완도군,군외면
대야1구마을,전라남도,완도군,완도읍
국화리마을,전라남도,완도군,청산면
구성마을,전라남도,완도군,약산면
고막리마을,전라남도,완도군,노화읍
신기리마을,전라남도,완도군,완도읍
천동리마을,전라남도,완도군,약산면
갈문리마을,전라남도,완도군,군외면
맹선리마을,전라남도,완도군,소안면
상서마을,전라남도,완도군,청산면
월송리마을,전라남도,완도군,보길면
대곡마을,전라남도,완도군,고금면
칠인리마을,전라남도,완도군,고금면
충도마을,전라남도,완도군,노화읍
청학마을,전라남도,완도군,고금면
초평리마을,전라남도,완도군,군외면
북고리마을,전라남도,완도군,노화읍
대문마을,전라남도,완도군,군외면
선창리마을,전라남도,완도군,보길면
신풍리마을,전라남도,완도군,청산면
용소마을,전라남도,완도군,군외면
진산리마을,전라남도,완도군,청산면
용초마을,전라남도,완도군,고금면
소당리마을,전라남도,완도군,노화읍
부곡리마을,전라남도,완도군,고금면
지리마을,전라남도,완도군,청산면
신상리마을,전라남도,완도군,신지면
노화대당리마을,전라남도,완도군,노화읍
신목리마을,전라남도,완도군,노화읍
양하마을,전라남도,완도군,노화읍
이목2구마을,전라남도,완도군,노화읍
어관마을,전라남도,강진군,신전면
하고리마을,전라남도,강진군,병영면
차경마을,전라남도,강진군,강진읍
문화마을,전라남도,강진군,군동면
가우마을,전라남도,강진군,도암면
안지마을,전라남도,강진군,군동면
갈동마을,전라남도,강진군,작천면
교동마을,전라남도,강진군,작천면
장전마을,전라남도,강진군,강진읍
기동마을,전라남도,강진군,작천면
마점마을,전라남도,강진군,도암면
영수마을,전라남도,강진군,신전면
영동리마을,전라남도,강진군,마량면
하신마을,전라남도,강진군,군동면
신풍마을,전라남도,강진군,강진읍
남호마을,전라남도,강진군,대구면
사부마을,전라남도,강진군,칠량면
망호마을,전라남도,강진군,도암면
신기마을,전라남도,강진군,군동면
구로마을,전라남도,강진군,칠량면
반계마을,전라남도,강진군,칠량면
대곡마을,전라남도,강진군,군동면
사초마을,전라남도,강진군,신전면
연동마을,전라남도,강진군,옴천면
상평마을,전라남도,강진군,작천면
봉림마을,전라남도,강진군,옴천면
당전마을,전라남도,강진군,대구면
벽송마을,전라남도,강진군,칠량면
삼강마을,전라남도,강진군,칠량면
명주마을,전라남도,강진군,칠량면
동백마을,전라남도,강진군,칠량면
만세마을,전라남도,강진군,도암면
용정마을,전라남도,강진군,작천면
용화리마을,전라남도,강진군,신전면
신기리마을,전라남도,강진군,성전면
수양마을,전라남도,강진군,신전면
서삼인리마을,전라남도,강진군,병영면
연동회관마을,전라남도,강진군,마량면
중앙동복지회관마을,전라남도,강진군,강진읍
달빛한옥마을,전라남도,강진군,성전면
쇳터마을,전라남도,보성군,보성읍
봉천마을,전라남도,보성군,복내면
법화마을,전라남도,보성군,문덕면
율어마을,전라남도,보성군,겸백면
보림마을,전라남도,보성군,노동면
서동마을,전라남도,보성군,회천면
죽현마을,전라남도,보성군,노동면
부평1구마을,전라남도,보성군,보성읍
봉황마을,전라남도,보성군,벌교읍
고장마을,전라남도,보성군,조성면
옥전마을,전라남도,보성군,벌교읍
사초마을,전라남도,보성군,조성면
군농마을,전라남도,보성군,회천면
선호마을,전라남도,보성군,득량면
말뫼마을,전라남도,보성군,미력면
금천마을,전라남도,보성군,율어면
장좌마을,전라남도,보성군,벌교읍
관기마을,전라남도,보성군,득량면
살래마을,전라남도,보성군,미력면
상청마을,전라남도,보성군,보성읍
백천마을,전라남도,보성군,벌교읍
은림마을,전라남도,보성군,조성면
율어마을,전라남도,보성군,율어면
옥암리마을,전라남도,보성군,보성읍
부용마을,전라남도,보성군,벌교읍
우산리3구마을,전라남도,보성군,보성읍
월평마을,전라남도,보성군,조성면
상율마을,전라남도,보성군,회천면
수차마을,전라남도,보성군,벌교읍
반암마을,전라남도,보성군,미력면
대동마을,전라남도,보성군,조성면
안심마을,전라남도,보성군,득량면
초암마을,전라남도,보성군,득량면
용호리마을,전라남도,보성군,노동면
복내1구마을,전라남도,보성군,복내면
강산마을,전라남도,보성군,웅치면
택촌마을,전라남도,보성군,보성읍
약산마을,전라남도,보성군,웅치면
도개마을,전라남도,보성군,미력면
담안마을,전라남도,보성군,보성읍
호음동마을,전라남도,보성군,득량면
금곡마을,전라남도,보성군,벌교읍
석장마을,전라남도,보성군,조성면
모령마을,전라남도,보성군,보성읍
반월마을,전라남도,보성군,문덕면
금정마을,전라남도,보성군,벌교읍
금능마을,전라남도,보성군,득량면
칠음리마을,전라남도,보성군,율어면
하진마을,전라남도,보성군,복내면
봉동마을,전라남도,보성군,노동면
진광마을,전라남도,보성군,벌교읍
파청마을,전라남도,보성군,득량면
해룡마을,전라남도,보성군,웅치면
장양마을,전라남도,보성군,벌교읍
흥촌마을,전라남도,보성군,조성면
선근마을,전라남도,보성군,벌교읍
온동마을,전라남도,보성군,벌교읍
화동 마을,전라남도,보성군,회천면
원촌마을,전라남도,보성군,문덕면
옥평1구마을,전라남도,보성군,보성읍
용동마을,전라남도,보성군,벌교읍
월정마을,전라남도,보성군,벌교읍
마동마을,전라남도,보성군,벌교읍
반룡마을,전라남도,보성군,미력면
호동마을,전라남도,보성군,벌교읍
향교마을,전라남도,보성군,문덕면
석호마을,전라남도,보성군,미력면
연동마을,전라남도,보성군,벌교읍
신전마을,전라남도,보성군,득량면
유신마을,전라남도,보성군,율어면
구정마을,전라남도,보성군,벌교읍
척령마을,전라남도,보성군,벌교읍
덕산마을,전라남도,보성군,득량면
원당마을,전라남도,보성군,벌교읍
못골마을,전라남도,보성군,문덕면
두평마을,전라남도,보성군,벌교읍
귀산마을,전라남도,보성군,조성면
신춘마을,전라남도,보성군,회천면
평촌마을,전라남도,보성군,조성면
호동마을,전라남도,보성군,득량면
대포마을,전라남도,보성군,벌교읍
상천마을,전라남도,보성군,득량면
동곡마을,전라남도,보성군,조성면
용호마을,전라남도,보성군,득량면
상리마을,전라남도,보성군,미력면
정문마을,전라남도,보성군,조성면
신정마을,전라남도,보성군,벌교읍
박실마을,전라남도,보성군,득량면
이동1구마을,전라남도,보성군,율어면
사곡2구마을,전라남도,보성군,겸백면
정흥마을,전라남도,보성군,득량면
제두마을,전라남도,보성군,벌교읍
덕림마을,전라남도,보성군,웅치면
장광리마을,전라남도,보성군,벌교읍
조양마을,전라남도,보성군,득량면
상신마을,전라남도,보성군,조성면
순천마을,전라남도,순천시,해룡면
관남마을,전라남도,순천시,상사면
구만마을,전라남도,순천시,서면
마을,전라남도,순천시,주암면
성산마을,전라남도,순천시,해룡면
하률마을,전라남도,순천시,외서면
무선마을,전라남도,순천시,별량면
동산마을,전라남도,순천시,서면
고산마을,전라남도,순천시,주암면
죽림마을,전라남도,순천시,주암면
성산마을,전라남도,순천시,승주읍
괴복마을,전라남도,순천시,승주읍
서편마을,전라남도,순천시,교량동
통천마을,전라남도,순천시,해룡면
유경마을,전라남도,순천시,송광면
신촌마을,전라남도,순천시,서면
죽청마을,전라남도,순천시,서면
구상마을,전라남도,순천시,해룡면
대법마을,전라남도,순천시,해룡면
외장마을,전라남도,순천시,송광면
장안마을,전라남도,순천시,송광면
하주마을,전라남도,순천시,주암면
문성마을,전라남도,순천시,주암면
후곡마을,전라남도,순천시,송광면
송산리마을,전라남도,순천시,해룡면
사제마을,전라남도,순천시,승주읍
노동마을,전라남도,순천시,상사면
신월마을,전라남도,순천시,월등면
오산마을,전라남도,순천시,교량동
장동마을,전라남도,순천시,송광면
계당마을,전라남도,순천시,해룡면
신계마을,전라남도,순천시,황전면
궁각마을,전라남도,순천시,주암면
산정마을,전라남도,순천시,서면
유동마을,전라남도,순천시,승주읍
유서마을,전라남도,순천시,승주읍
교동마을,전라남도,순천시,황전면
오원마을,전라남도,순천시,주암면
흥림마을,전라남도,순천시,낙안면
금곡마을,전라남도,순천시,상사면
등계마을,전라남도,순천시,승주읍
지동마을,전라남도,순천시,승주읍
원등마을,전라남도,순천시,낙안면
월봉마을,전라남도,순천시,주암면
마곡마을,전라남도,순천시,상사면
농곡마을,전라남도,순천시,월등면
하평마을,전라남도,순천시,황전면
창촌마을,전라남도,순천시,주암면
백현리마을,전라남도,순천시,승주읍
조비마을,전라남도,순천시,석현동
덕치마을,전라남도,순천시,외서면
가용마을,전라남도,순천시,외서면
서동마을,전라남도,순천시,별량면
노원마을,전라남도,순천시,해룡면
삼거마을,전라남도,순천시,삼거동
월내마을,전라남도,순천시,승주읍
월곡마을,전라남도,순천시,교량동
남암마을,전라남도,순천시,승주읍
내동마을,전라남도,순천시,낙안면
동소마을,전라남도,순천시,외서면
각문마을,전라남도,순천시,황전면
임촌마을,전라남도,순천시,주암면
송기마을,전라남도,순천시,낙안면
능주마을,전라남도,순천시,해룡면
쌍지마을,전라남도,순천시,상사면
궁각리마을,전라남도,순천시,주암면
죽평마을,전라남도,순천시,서면
외송마을,전라남도,순천시,송광면
중주마을,전라남도,순천시,주암면
장동마을,전라남도,순천시,주암면
당촌마을,전라남도,순천시,상사면
용암마을,전라남도,순천시,상사면
용계마을,전라남도,순천시,상사면
가정마을,전라남도,순천시,낙안면
판교리마을,전라남도,순천시,서면
상내마을,전라남도,순천시,해룡면
장주마을,전라남도,장흥군,유치면
관동마을,전라남도,장흥군,유치면
관지리마을,전라남도,장흥군,용산면
마을,전라남도,장흥군,회진면
용인마을,전라남도,장흥군,용산면
장환마을,전라남도,장흥군,관산읍
충렬마을,전라남도,장흥군,장흥읍
정장마을,전라남도,장흥군,용산면
북동마을,전라남도,장흥군,장동면
우산마을,전라남도,장흥군,전라남도
진곡마을,전라남도,장흥군,장동면
하산마을,전라남도,장흥군,장동면
신흥마을,전라남도,장흥군,대덕읍
풍암마을,전라남도,장흥군,안양면
안삭금마을,전라남도,장흥군,회진면
내저리마을,전라남도,장흥군,대덕읍
어곡리마을,전라남도,장흥군,장평면
기산리마을,전라남도,장흥군,안양면
월암마을,전라남도,장흥군,유치면
가학마을,전라남도,장흥군,대덕읍
원도리마을,전라남도,장흥군,장흥읍
상금마을,전라남도,장흥군,용산면
동촌마을,전라남도,장흥군,관산읍
옹암마을,전라남도,장흥군,대덕읍
간선2구마을,전라남도,장흥군,장흥읍
녹양마을,전라남도,장흥군,장평면
상리마을,전라남도,장흥군,장흥읍
내안리마을,전라남도,장흥군,부산면
봉림마을,전라남도,장흥군,장평면
연지마을,전라남도,장흥군,대덕읍
잠두마을,전라남도,장흥군,대덕읍
신풍1구마을,전라남도,장흥군,유치면
동신마을,전라남도,장흥군,대덕읍
상촌마을,전라남도,장흥군,관산읍
심천마을,전라남도,장흥군,부산면
진목마을,전라남도,장흥군,회진면
외동3구마을,전라남도,장흥군,관산읍
가학마을,전라남도,고흥군,점암면
동거마을,전라남도,고흥군,남양면
호곡마을,전라남도,고흥군,과역면
원등마을,전라남도,고흥군,동강면
금오마을,전라남도,고흥군,두원면
관청마을,전라남도,고흥군,도양읍
은전마을,전라남도,고흥군,도덕면
원주마을,전라남도,고흥군,과역면
외로마을,전라남도,고흥군,과역면
남천마을,전라남도,고흥군,금산면
여산마을,전라남도,고흥군,고흥읍
인학마을,전라남도,고흥군,과역면
등암마을,전라남도,고흥군,고흥읍
월등마을,전라남도,고흥군,대서면
지남마을,전라남도,고흥군,두원면
한산마을,전라남도,고흥군,점암면
한적마을,전라남도,고흥군,도덕면
매곡마을,전라남도,고흥군,풍양면
원동마을,전라남도,고흥군,도양읍
계명마을,전라남도,고흥군,대서면
서호마을,전라남도,고흥군,대서면
내율마을,전라남도,고흥군,풍양면
신촌마을,전라남도,고흥군,점암면
주교마을,전라남도,고흥군,남양면
운동마을,전라남도,고흥군,동강면
마동마을,전라남도,고흥군,동강면
성촌마을,전라남도,고흥군,고흥읍
구룡마을,전라남도,고흥군,두원면
옥천마을,전라남도,고흥군,남양면
여호마을,전라남도,고흥군,점암면
망주마을,전라남도,고흥군,남양면
하도마을,전라남도,고흥군,도화면
능정구마을,전라남도,고흥군,영남면
마암마을,전라남도,고흥군,대서면
황촌마을,전라남도,고흥군,도화면
동촌마을,전라남도,고흥군,고흥읍
덕동마을,전라남도,고흥군,남양면
대동마을,전라남도,고흥군,두원면
동광마을,전라남도,고흥군,봉래면
원남촌마을,전라남도,고흥군,포두면
신촌마을,전라남도,고흥군,대서면
신흥마을,전라남도,고흥군,대서면
사도마을,전라남도,고흥군,영남면
백련마을,전라남도,고흥군,고흥읍
통일마을,전라남도,고흥군,도양읍
심포마을,전라남도,고흥군,과역면
덕흥마을,전라남도,고흥군,도덕면
하동마을,전라남도,고흥군,도화면
용동마을,전라남도,고흥군,도덕면
연등마을,전라남도,고흥군,점암면
당치마을,전라남도,고흥군,점암면
동촌마을,전라남도,고흥군,포두면
덕흥리마을,전라남도,고흥군,도화면
우두마을,전라남도,고흥군,금산면
섬암마을,전라남도,고흥군,포두면
대곡마을,전라남도,고흥군,도덕면
청석마을,전라남도,고흥군,금산면
비치마을,전라남도,고흥군,봉래면
봉계마을,전라남도,고흥군,대서면
석장마을,전라남도,고흥군,대서면
동산동마을,전라남도,고흥군,포두면
신금마을,전라남도,고흥군,금산면
신호마을,전라남도,고흥군,고흥읍
당동마을,전라남도,고흥군,도덕면
침교마을,전라남도,고흥군,남양면
독대마을,전라남도,고흥군,과역면
원도동마을,전라남도,고흥군,도화면
상동마을,전라남도,고흥군,금산면
우두리마을,전라남도,고흥군,영남면
양지마을,전라남도,고흥군,포두면
장선마을,전라남도,고흥군,대서면
대봉마을,전라남도,고흥군,도양읍
동봉마을,전라남도,고흥군,도양읍
상백마을,전라남도,고흥군,포두면
남당마을,전라남도,고흥군,대서면
모동마을,전라남도,고흥군,점암면
북촌마을,전라남도,고흥군,도양읍
신오마을,전라남도,고흥군,포두면
석교마을,전라남도,고흥군,금산면
신전마을,전라남도,고흥군,점암면
용정마을,전라남도,고흥군,점암면
동신마을,전라남도,고흥군,두원면
용정마을,전라남도,고흥군,도양읍
마을,전라남도,담양군,대덕면
마산마을,전라남도,담양군,월산면
계곡마을,전라남도,담양군,대전면
화방마을,전라남도,담양군,월산면
봉안1구마을,전라남도,담양군,무정면
시목마을,전라남도,담양군,대전면
매월마을,전라남도,담양군,용면
도림마을,전라남도,담양군,용면
월산면용암1구마을,전라남도,담양군,월산면
청운동마을,전라남도,담양군,대덕면
월계마을,전라남도,담양군,용면
봉안2구마을,전라남도,담양군,무정면
금월마을,전라남도,담양군,담양읍
월평마을,전라남도,담양군,월산면
용치마을,전라남도,담양군,용면
용동마을,전라남도,담양군,용면
박곡마을,전라남도,담양군,용면
외산리마을,전라남도,담양군,용면
대성1구마을,전라남도,담양군,금성면
월산리마을,전라남도,담양군,월산면
운산리마을,전라남도,담양군,대덕면
향교리 마을,전라남도,담양군,담양읍
일산리마을,전라남도,담양군,창평면
월산면신암리마을,전라남도,담양군,월산면
중옥마을,전라남도,담양군,대전면
내천리마을,전라남도,담양군,금성면
대곡마을,전라남도,담양군,금성면
잣정마을,전라남도,담양군,고서면
창평리2구마을,전라남도,담양군,창평면
고서고읍2구마을,전라남도,담양군,고서면
성도2구마을,전라남도,담양군,무정면
월본리갈전마을,전라남도,담양군,대전면
대성2구마을,전라남도,담양군,금성면
고서보촌1구마을,전라남도,담양군,고서면
금성2구마을,전라남도,담양군,금성면
고성2구마을,전라남도,담양군,수북면
고서성월3구마을,전라남도,담양군,고서면
고서분향1구마을,전라남도,담양군,고서면
정중마을,전라남도,담양군,수북면
용연마을,전라남도,담양군,용면
고서분향2구마을,전라남도,담양군,고서면
오례2구마을,전라남도,담양군,무정면
고서성월5구마을,전라남도,담양군,고서면
고서동운1구마을,전라남도,담양군,고서면
월산면복정리마을,전라남도,담양군,월산면
고서성월4구마을,전라남도,담양군,고서면
오정1구마을,전라남도,담양군,수북면
궁산2구마을,전라남도,담양군,수북면
고서금현1구마을,전라남도,담양군,고서면
개현마을,전라남도,광양시,죽천리
평촌마을,전라남도,광양시,황길동
기동마을,전라남도,광양시,황길동
금동마을,전라남도,광양시,송금리
대화마을,전라남도,광양시,도이동
원동마을,전라남도,광양시,신원리
하포마을,전라남도,광양시,황길동
억만마을,전라남도,광양시,사곡리
방죽마을,전라남도,광양시,마룡리
석정마을,전라남도,광양시,용강리
신성마을,전라남도,광양시,목성리
신황마을,전라남도,광양시,황죽리
2통 당산마을,전라남도,광양시,광영동
대리마을,전라남도,광양시,대죽리
신기마을,전라남도,광양시,구산리
계곡마을,전라남도,광양시,우산리
추동마을,전라남도,광양시,오사리
아동마을,전라남도,광양시,신아리
예구1마을,전라남도,광양시,덕례리
현월마을,전라남도,광양시,초남리
구서마을,전라남도,광양시,구서리
덕천마을,전라남도,광양시,율천리
명암마을,전라남도,광양시,석사리
본정마을,전라남도,광양시,사곡리
송현마을,전라남도,광양시,송금리
중산마을,전라남도,광양시,진정리
내금마을,전라남도,광양시,금이리
삼정마을,전라남도,광양시,청암리
상운마을,전라남도,광양시,운평리
선소마을,전라남도,광양시,선소리
세승마을,전라남도,광양시,세풍리
신금마을,전라남도,광양시,신금리
외금마을,전라남도,광양시,금이리
외망마을,전라남도,광양시,망덕리
용장마을,전라남도,광양시,성황동
이천마을,전라남도,광양시,금이리
회암마을,전라남도,광양시,덕례리
답곡마을,전라남도,광양시,동곡리
대실마을,전라남도,광양시,죽림리
돈탁마을,전라남도,광양시,오사리
동석마을,전라남도,광양시,석사리
서석마을,전라남도,광양시,석사리
오추마을,전라남도,광양시,오사리
용소마을,전라남도,광양시,마룡리
원적마을,전라남도,광양시,원월리
이정마을,전라남도,광양시,선소리
임기마을,전라남도,광양시,죽림리
저곡마을,전라남도,광양시,부저리
죽양마을,전라남도,광양시,대죽리
내우마을,전라남도,광양시,우산리
부흥마을,전라남도,광양시,세풍리
삼존마을,전라남도,광양시,묵백리
신답마을,전라남도,광양시,신아리
오동마을,전라남도,광양시,대죽리
교촌마을,전라남도,광양시,우산리
구룡마을,전라남도,광양시,망덕리
매동마을,전라남도,광양시,장동리
선포마을,전라남도,광양시,진정리
신기마을,전라남도,광양시,신구리
인동마을,전라남도,광양시,인동리
정산마을,전라남도,광양시,성황동
중도마을,전라남도,광양시,월길리
해창마을,전라남도,광양시,세풍리
가길마을,전라남도,광양시,월길리
구동마을,전라남도,광양시,신구리
금촌마을,전라남도,광양시,신금리
내망마을,전라남도,광양시,망덕리
백암마을,전라남도,광양시,묵백리
성북마을,전라남도,광양시,칠성리
수평마을,전라남도,광양시,수평리
신두마을,전라남도,광양시,세풍리
쌍백마을,전라남도,광양시,죽림리
인서3리마을,전라남도,광양시,인서리
점동마을,전라남도,광양시,사곡리
진목마을,전라남도,광양시,진정리
초남마을,전라남도,광양시,초남리
하봉마을,전라남도,광양시,봉당리
용곡마을,전라남도,광양시,원월리
장동마을,전라남도,광양시,장동리
동주마을,전라남도,광양시,덕례리
비촌마을,전라남도,광양시,비평리
서북1마을,전라남도,광양시,칠성리
석평마을,전라남도,광양시,부저리
섬거마을,전라남도,광양시,섬거리
월파마을,전라남도,광양시,우산리
은죽마을,전라남도,광양시,운곡리
평화마을,전라남도,광양시,신원리
호암마을,전라남도,광양시,죽림리
갈곡마을,전라남도,광양시,운곡리
관동마을,전라남도,광양시,고사리
무선마을,전라남도,광양시,덕례리
삼성마을,전라남도,광양시,세풍리
상평마을,전라남도,광양시,운평리
용계마을,전라남도,광양시,섬거리
용두마을,전라남도,광양시,용강리
목과마을,전라남도,광양시,청암리
방동마을,전라남도,광양시,지원리
신덕마을,전라남도,광양시,신아리
기두마을,전라남도,광양시,용강리
다사마을,전라남도,광양시,도사리
덕촌마을,전라남도,광양시,조령리
신송마을,전라남도,광양시,송금리
신촌마을,전라남도,광양시,신룡리
염창마을,전라남도,광양시,금천리
직금마을,전라남도,광양시,금천리
구황마을,전라남도,광양시,황죽리
부현마을,전라남도,광양시,부저리
사동마을,전라남도,광양시,차사리
섬진마을,전라남도,광양시,도사리
신흥마을,전라남도,광양시,읍내리
어치마을,전라남도,광양시,어치리
웅동마을,전라남도,광양시,황죽리
월평마을,전라남도,광양시,도월리
율곡마을,전라남도,광양시,율천리
의암마을,전라남도,광양시,신금리
정자마을,전라남도,광양시,구서리
죽전마을,전라남도,광양시,황죽리
항동마을,전라남도,광양시,진정리
흥룡마을,전라남도,광양시,용곡리
5통 명당마을,전라남도,광양시,태인동
구덕마을,전라남도,광양시,마룡리
대방마을,전라남도,광양시,용곡리
사평마을,전라남도,광양시,오사리
소학정마을,전라남도,광양시,도사리
익신마을,전라남도,광양시,익신리
입암마을,전라남도,광양시,청암리
청도마을,전라남도,광양시,청암리
11통 마흘마을,전라남도,광양시,마동
4통 궁기마을,전라남도,광양시,태인동
개룡마을,전라남도,광양시,신룡리
내천마을,전라남도,광양시,죽천리
부암마을,전라남도,광양시,조령리
산저마을,전라남도,광양시,우산리
신기마을,전라남도,광양시,신금리
외압마을,전라남도,광양시,신원리
하평마을,전라남도,광양시,운평리
1통 1단계상가마을,전라남도,광양시,중동
13통 2단계상가마을,전라남도,광양시,중동
1통 도촌마을,전라남도,광양시,광영동
마동마을,전라남도,광양시,마룡리
신도마을,전라남도,광양시,도월리
탄치마을,전라남도,광양시,비평리
항월마을,전라남도,광양시,죽천리
개성마을,전라남도,광양시,목성리
고사마을,전라남도,광양시,고사리
마시마을,전라남도,광양시,구서리
매각마을,전라남도,광양시,금천리
상봉마을,전라남도,광양시,봉당리
서동마을,전라남도,광양시,금천리
죽천마을,전라남도,광양시,고사리
초암마을,전라남도,광양시,용곡리
항동마을,전라남도,광양시,고사리
2통 장내마을,전라남도,광양시,태인동
내압마을,전라남도,광양시,신원리
동동마을,전라남도,광양시,금천리
명주마을,전라남도,광양시,신금리
석곡마을,전라남도,광양시,용곡리
신기마을,전라남도,광양시,신원리
지곡마을,전라남도,광양시,지곡리
평촌마을,전라남도,광양시,금천리
하운마을,전라남도,광양시,운평리
하천마을,전라남도,광양시,하천리
황방마을,전라남도,광양시,황금동
32통 사동마을,전라남도,광양시,중동
남정마을,전라남도,광양시,산남리
재동마을,전라남도,광양시,율천리
지계마을,전라남도,광양시,어치리
3통 용지마을,전라남도,광양시,태인동
군재마을,전라남도,광양시,중군동
장재마을,전라남도,광양시,망덕리
1통 도촌마을,전라남도,광양시,태인동
선유마을,전라남도,광양시,선유리
성황마을,전라남도,광양시,목성리
황곡마을,전라남도,광양시,황길동
신시마을,전라남도,광양시,섬거리
양산마을,전라남도,광양시,추산리
점터마을,전라남도,광양시,묵백리
중양마을,전라남도,광양시,중군동
차동마을,전라남도,광양시,차사리
추동마을,전라남도,광양시,추산리
고길마을,전라남도,광양시,황금동
마산마을,전라남도,광양시,구산리
백양마을,전라남도,광양시,대죽리
우두마을,전라남도,광양시,구산리
지랑마을,전라남도,광양시,지원리
길호마을,전라남도,광양시,중동
당저마을,전라남도,광양시,봉당리
덕산마을,전라남도,광양시,덕례리
동동마을,전라남도,광양시,동곡리
서북2마을,전라남도,광양시,칠성리
선동마을,전라남도,광양시,동곡리
신촌마을,전라남도,광양시,원월리
옥동마을,전라남도,광양시,용곡리
하포마을,전라남도,광양시,황길동
대리마을,전라남도,광양시,월길리
산본마을,전라남도,광양시,옥룡면
신촌마을,전라남도,광양시,세풍리
인서마을,전라남도,광양시,인서리
호북마을,전라남도,광양시,칠성리264
영수마을,전라남도,광양시,광영동
오류마을,전라남도,광양시,중동
창원마을,전라남도,광양시,지원리
하조마을,전라남도,광양시,조령리
해두마을,전라남도,광양시,세풍리
죽림마을,전라남도,광양시,죽림리
원심동마을,전라남도,신안군,지도읍
당촌마을,전라남도,신안군,지도읍
선도(진변)마을,전라남도,신안군,지도읍
태천1마을,전라남도,신안군,지도읍
둔곡마을,전라남도,신안군,지도읍
적동마을,전라남도,신안군,지도읍
여성마을,전라남도,신안군,지도읍
고사마을,전라남도,신안군,지도읍
탄동마을,전라남도,신안군,지도읍
원달마을,전라남도,신안군,지도읍
황금마을,전라남도,신안군,지도읍
외양마을,전라남도,신안군,지도읍
봉동마을,전라남도,신안군,지도읍
내양마을,전라남도,신안군,지도읍
송도마을,전라남도,신안군,지도읍
오룡마을,전라남도,신안군,지도읍
내도마을,전라남도,신안군,지도읍
효지마을,전라남도,신안군,지도읍
원광정마을,전라남도,신안군,지도읍
적거마을,전라남도,신안군,지도읍
장동마을,전라남도,신안군,지도읍
묘동마을,전라남도,신안군,지도읍
서동마을,전라남도,신안군,지도읍
자동1(원자동)마을,전라남도,신안군,지도읍
어의1마을,전라남도,신안군,지도읍
누동마을,전라남도,신안군,지도읍
금출마을,전라남도,신안군,지도읍
연화마을,전라남도,신안군,지도읍
매계마을,전라남도,신안군,지도읍
자서마을,전라남도,신안군,지도읍
가정마을,전라남도,신안군,지도읍
조비마을,전라남도,신안군,지도읍
참도마을,전라남도,신안군,지도읍
하탑마을,전라남도,신안군,지도읍
백련마을,전라남도,신안군,지도읍
월산마을,전라남도,신안군,지도읍
감정1마을,전라남도,신안군,지도읍
대실마을,전라남도,신안군,지도읍
읍서마을,전라남도,신안군,지도읍
송항마을,전라남도,신안군,지도읍
태이마을,전라남도,신안군,지도읍
북촌마을,전라남도,신안군,지도읍
용교마을,전라남도,신안군,지도읍
선도3마을,전라남도,신안군,지도읍
주동마을,전라남도,신안군,지도읍
원동마을,전라남도,신안군,지도읍
소감정마을,전라남도,신안군,지도읍
포작마을,전라남도,신안군,지도읍
진변마을,전라남도,신안군,지도읍
병풍대촌마을,전라남도,신안군,증도면
병풍마을,전라남도,신안군,증도면
증북마을,전라남도,신안군,증도면
우전마을,전라남도,신안군,증도면
장고마을,전라남도,신안군,증도면
곡도마을,전라남도,신안군,증도면
대초마을,전라남도,신안군,증도면
오산마을,전라남도,신안군,증도면
염산마을,전라남도,신안군,증도면
광암마을,전라남도,신안군,증도면
원방축마을,전라남도,신안군,증도면
덕정마을,전라남도,신안군,증도면
기점마을,전라남도,신안군,증도면
검산마을,전라남도,신안군,증도면
증서마을,전라남도,신안군,증도면
등선마을,전라남도,신안군,증도면
돌마지마을,전라남도,신안군,증도면
증동마을,전라남도,신안군,증도면
장성동마을,전라남도,신안군,증도면
화도마을,전라남도,신안군,증도면
남촌마을,전라남도,신안군,증도면
소악마을,전라남도,신안군,증도면
보기마을,전라남도,신안군,증도면
진리마을,전라남도,신안군,임자면
회산마을,전라남도,신안군,임자면
전장포마을,전라남도,신안군,임자면
대기마을,전라남도,신안군,임자면
삼두마을,전라남도,신안군,임자면
필길마을,전라남도,신안군,임자면
육암(이흑암)마을,전라남도,신안군,임자면
삼막마을,전라남도,신안군,임자면
수도마을,전라남도,신안군,임자면
도찬마을,전라남도,신안군,임자면
재원마을,전라남도,신안군,임자면
화산마을,전라남도,신안군,임자면
대흥마을,전라남도,신안군,임자면
구산마을,전라남도,신안군,임자면
장동마을,전라남도,신안군,임자면
광산마을,전라남도,신안군,임자면
괘길마을,전라남도,신안군,임자면
조삼마을,전라남도,신안군,임자면
부동마을,전라남도,신안군,임자면
저동마을,전라남도,신안군,임자면
교동마을,전라남도,신안군,임자면
신명마을,전라남도,신안군,임자면
하우마을,전라남도,신안군,임자면
원상마을,전라남도,신안군,임자면
이흑암마을,전라남도,신안군,임자면
신용1(회룡상록)마을,전라남도,신안군,압해읍
대천1(조천)마을,전라남도,신안군,압해읍
신용2(신촌)마을,전라남도,신안군,압해읍
반월마을,전라남도,신안군,압해읍
신장2마을,전라남도,신안군,압해읍
광립마을,전라남도,신안군,압해읍
수락마을,전라남도,신안군,압해읍
장감마을,전라남도,신안군,압해읍
고이2마을,전라남도,신안군,압해읍
송공2마을,전라남도,신안군,압해읍
신장1마을,전라남도,신안군,압해읍
신장3마을,전라남도,신안군,압해읍
동서2(구항)마을,전라남도,신안군,압해읍
송공1마을,전라남도,신안군,압해읍
동서1마을,전라남도,신안군,압해읍
복룡1(원복용)마을,전라남도,신안군,압해읍
가룡2리(원가룡)마을,전라남도,신안군,압해읍
대벌마을,전라남도,신안군,압해읍
학동마을,전라남도,신안군,압해읍
복용4마을,전라남도,신안군,압해읍
분매2마을,전라남도,신안군,압해읍
고이1마을,전라남도,신안군,압해읍
복룡3마을,전라남도,신안군,압해읍
산두마을,전라남도,신안군,압해읍
청석(매화2)마을,전라남도,신안군,압해읍
대동(매화1)마을,전라남도,신안군,압해읍
가룡3마을,전라남도,신안군,압해읍
복룡2마을,전라남도,신안군,압해읍
가란마을,전라남도,신안군,압해읍
숭의마을,전라남도,신안군,압해읍
마산(매화4)마을,전라남도,신안군,압해읍
효지마을,전라남도,신안군,압해읍
분매1마을,전라남도,신안군,압해읍
월포마을,전라남도,신안군,압해읍
신흥마을,전라남도,신안군,압해읍
분매3마을,전라남도,신안군,압해읍
금기마을,전라남도,신안군,압해읍
무학마을,전라남도,신안군,압해읍
구항2마을,전라남도,신안군,압해읍
신용1마을,전라남도,신안군,압해읍
사동마을,전라남도,신안군,압해읍
목교마을,전라남도,신안군,압해읍
고이대촌마을,전라남도,신안군,압해읍
구영마을,전라남도,신안군,자은면
송산마을,전라남도,신안군,자은면
고장마을,전라남도,신안군,자은면
대율마을,전라남도,신안군,자은면
면전마을,전라남도,신안군,자은면
신성마을,전라남도,신안군,자은면
진천마을,전라남도,신안군,자은면
백길마을,전라남도,신안군,자은면
유천마을,전라남도,신안군,자은면
금포마을,전라남도,신안군,자은면
유각마을,전라남도,신안군,자은면
백산마을,전라남도,신안군,자은면
외기마을,전라남도,신안군,자은면
신흥마을,전라남도,신안군,자은면
둔장마을,전라남도,신안군,자은면
문평마을,전라남도,신안군,자은면
욕지마을,전라남도,신안군,자은면
한운마을,전라남도,신안군,자은면
두모마을,전라남도,신안군,자은면
장고마을,전라남도,신안군,자은면
분계마을,전라남도,신안군,자은면
와우마을,전라남도,신안군,자은면
창촌마을,전라남도,신안군,자은면
고교마을,전라남도,신안군,자은면
구래마을,전라남도,신안군,자은면
대율여성마을,전라남도,신안군,자은면
구영여성마을,전라남도,신안군,자은면
백산(밀알)마을,전라남도,신안군,자은면
단고마을,전라남도,신안군,암태면
익금마을,전라남도,신안군,암태면
도창마을,전라남도,신안군,암태면
기동(텃골)마을,전라남도,신안군,암태면
신기마을,전라남도,신안군,암태면
오산마을,전라남도,신안군,암태면
수곡마을,전라남도,신안군,암태면
송곡마을,전라남도,신안군,암태면
중흥마을,전라남도,신안군,암태면
신석마을,전라남도,신안군,암태면
당사마을,전라남도,신안군,암태면
추포마을,전라남도,신안군,암태면
오상1마을,전라남도,신안군,암태면
오도마을,전라남도,신안군,암태면
장고마을,전라남도,신안군,암태면
신정마을,전라남도,신안군,암태면
당산마을,전라남도,신안군,암태면
활목마을,전라남도,신안군,암태면
탄금마을,전라남도,신안군,암태면
와촌(지외몰)마을,전라남도,신안군,암태면
추엽마을,전라남도,신안군,암태면
해당마을,전라남도,신안군,암태면
마명마을,전라남도,신안군,암태면
천포마을,전라남도,신안군,암태면
구석마을,전라남도,신안군,암태면
오상마을,전라남도,신안군,암태면
이목마을,전라남도,신안군,팔금면
읍리중앙마을,전라남도,신안군,팔금면
원산마을,전라남도,신안군,팔금면
당고마을,전라남도,신안군,팔금면
장촌마을,전라남도,신안군,팔금면
진고마을,전라남도,신안군,팔금면
대산두마을,전라남도,신안군,팔금면
대심마을,전라남도,신안군,팔금면
고산마을,전라남도,신안군,팔금면
읍산두마을,전라남도,신안군,팔금면
거문마을,전라남도,신안군,팔금면
둔봉마을,전라남도,신안군,팔금면
장목마을,전라남도,신안군,팔금면
장촌사근다리마을,전라남도,신안군,팔금면
서근마을,전라남도,신안군,팔금면
덕진마을,전라남도,신안군,팔금면
안향마을,전라남도,신안군,안좌면
여흘마을,전라남도,신안군,안좌면
대리마을,전라남도,신안군,안좌면
금산마을,전라남도,신안군,안좌면
대척마을,전라남도,신안군,안좌면
대우마을,전라남도,신안군,안좌면
읍동마을,전라남도,신안군,안좌면
산두마을,전라남도,신안군,안좌면
자라2구마을,전라남도,신안군,안좌면
시서마을,전라남도,신안군,안좌면
마명마을,전라남도,신안군,안좌면
창마마을,전라남도,신안군,안좌면
향목마을,전라남도,신안군,안좌면
신촌마을,전라남도,신안군,안좌면
소곡마을,전라남도,신안군,안좌면
마진1리마을,전라남도,신안군,안좌면
두리마을,전라남도,신안군,안좌면
구대마을,전라남도,신안군,안좌면
탄동마을,전라남도,신안군,안좌면
한운마을,전라남도,신안군,안좌면
방월마을,전라남도,신안군,안좌면
사치마을,전라남도,신안군,안좌면
반월(내촌)마을,전라남도,신안군,안좌면
박지마을,전라남도,신안군,안좌면
남강마을,전라남도,신안군,안좌면
퇴촌마을,전라남도,신안군,안좌면
와우마을,전라남도,신안군,안좌면
존포마을,전라남도,신안군,안좌면
복호마을,전라남도,신안군,안좌면
열등마을,전라남도,신안군,안좌면
학하마을,전라남도,신안군,안좌면
우목마을,전라남도,신안군,안좌면
오동마을,전라남도,신안군,안좌면
내호마을,전라남도,신안군,안좌면
외우목마을,전라남도,신안군,안좌면
자라1구마을,전라남도,신안군,안좌면
전진마을,전라남도,신안군,안좌면
부소도마을,전라남도,신안군,안좌면
소척마을,전라남도,신안군,안좌면
증산마을,전라남도,신안군,안좌면
재섬마을,전라남도,신안군,안좌면
양골마을,전라남도,신안군,안좌면
도고마을,전라남도,신안군,비금면
상암마을,전라남도,신안군,비금면
외촌마을,전라남도,신안군,비금면
신유마을,전라남도,신안군,비금면
내촌마을,전라남도,신안군,비금면
수림마을,전라남도,신안군,비금면
당산마을,전라남도,신안군,비금면
월포마을,전라남도,신안군,비금면
우산마을,전라남도,신안군,비금면
서산마을,전라남도,신안군,비금면
지동마을,전라남도,신안군,비금면
원평마을,전라남도,신안군,비금면
가출마을,전라남도,신안군,비금면
광대마을,전라남도,신안군,비금면
용소마을,전라남도,신안군,비금면
신촌마을,전라남도,신안군,비금면
자항마을,전라남도,신안군,비금면
고막마을,전라남도,신안군,비금면
임리마을,전라남도,신안군,비금면
한산마을,전라남도,신안군,비금면
용호마을,전라남도,신안군,비금면
수도마을,전라남도,신안군,비금면
나배마을,전라남도,신안군,비금면
당두마을,전라남도,신안군,비금면
평림마을,전라남도,신안군,비금면
송치마을,전라남도,신안군,비금면
덕대마을,전라남도,신안군,비금면
망동마을,전라남도,신안군,비금면
대두마을,전라남도,신안군,비금면
읍동마을,전라남도,신안군,비금면
수치마을,전라남도,신안군,비금면
내포마을,전라남도,신안군,비금면
구기마을,전라남도,신안군,비금면
죽치마을,전라남도,신안군,비금면
가어지마을,전라남도,신안군,비금면
도고여성마을,전라남도,신안군,비금면
용소여성마을,전라남도,신안군,비금면
명륜마을,전라남도,신안군,비금면
화도마을,전라남도,신안군,도초면
라포마을,전라남도,신안군,도초면
죽련마을,전라남도,신안군,도초면
지동마을,전라남도,신안군,도초면
고란마을,전라남도,신안군,도초면
이상(이곡)마을,전라남도,신안군,도초면
월포마을,전라남도,신안군,도초면
한발마을,전라남도,신안군,도초면
우이도진리마을,전라남도,신안군,도초면
신촌마을,전라남도,신안군,도초면
도락마을,전라남도,신안군,도초면
수항마을,전라남도,신안군,도초면
지북마을,전라남도,신안군,도초면
용동마을,전라남도,신안군,도초면
오류마을,전라남도,신안군,도초면
소신마을,전라남도,신안군,도초면
외하마을,전라남도,신안군,도초면
외상마을,전라남도,신안군,도초면
수다마을,전라남도,신안군,도초면
난말마을,전라남도,신안군,도초면
조진마을,전라남도,신안군,도초면
춘경마을,전라남도,신안군,도초면
신교마을,전라남도,신안군,도초면
궁항마을,전라남도,신안군,도초면
지남마을,전라남도,신안군,도초면
이하마을,전라남도,신안군,도초면
나박포마을,전라남도,신안군,도초면
엄목마을,전라남도,신안군,도초면
발매마을,전라남도,신안군,도초면
만년마을,전라남도,신안군,도초면
죽도마을,전라남도,신안군,도초면
명당마을,전라남도,신안군,도초면
시목마을,전라남도,신안군,도초면
돈목(우이2구)마을,전라남도,신안군,도초면
금성마을,전라남도,신안군,도초면
우이3구마을,전라남도,신안군,도초면
성촌마을,전라남도,신안군,도초면
예리1구마을,전라남도,신안군,흑산면
진리마을,전라남도,신안군,흑산면
진리2(읍동)마을,전라남도,신안군,흑산면
해룡(가거1구)마을,전라남도,신안군,흑산면
심리마을,전라남도,신안군,흑산면
하태도마을,전라남도,신안군,흑산면
사리마을,전라남도,신안군,흑산면
오리마을,전라남도,신안군,흑산면
도목리마을,전라남도,신안군,흑산면
만재도마을,전라남도,신안군,흑산면
항리(가거2구)마을,전라남도,신안군,흑산면
수리마을,전라남도,신안군,흑산면
죽항리마을,전라남도,신안군,흑산면
홍도1구마을,전라남도,신안군,흑산면
상태도마을,전라남도,신안군,흑산면
다물도마을,전라남도,신안군,흑산면
소사리마을,전라남도,신안군,흑산면
비리마을,전라남도,신안군,흑산면
홍도2구마을,전라남도,신안군,흑산면
영산리마을,전라남도,신안군,흑산면
청촌마을,전라남도,신안군,흑산면
천촌마을,전라남도,신안군,흑산면
장도마을,전라남도,신안군,흑산면
오림(오림1구)마을,전라남도,신안군,하의면
후광마을,전라남도,신안군,하의면
웅곡마을,전라남도,신안군,하의면
피섬(어은2구)마을,전라남도,신안군,하의면
북포(웅곡2구)마을,전라남도,신안군,하의면
후광2마을,전라남도,신안군,하의면
봉도(오림3)마을,전라남도,신안군,하의면
옥도마을,전라남도,신안군,하의면
대리2마을,전라남도,신안군,하의면
능산2구(대야도)마을,전라남도,신안군,하의면
능산3구(신도)마을,전라남도,신안군,하의면
"후광3구
(장병도)마을",전라남도,신안군,하의면
오림4구마을,전라남도,신안군,하의면
어은1구마을,전라남도,신안군,하의면
웅곡3구마을,전라남도,신안군,하의면
웅곡4구마을,전라남도,신안군,하의면
오림2구마을,전라남도,신안군,하의면
대리동편마을,전라남도,신안군,하의면
능산1구마을,전라남도,신안군,하의면
전월마을,전라남도,신안군,하의면
운산마을,전라남도,신안군,하의면
원목마을,전라남도,신안군,신의면
기동마을,전라남도,신안군,신의면
노은마을,전라남도,신안군,신의면
가락마을,전라남도,신안군,신의면
동면(상서3구)마을,전라남도,신안군,신의면
소장동(상서4구)마을,전라남도,신안군,신의면
구만마을,전라남도,신안군,신의면
모농마을,전라남도,신안군,신의면
상서(상서2구)마을,전라남도,신안군,신의면
상태수성(상서1구)마을,전라남도,신안군,신의면
굴암마을,전라남도,신안군,신의면
고사도마을,전라남도,신안군,신의면
평사도마을,전라남도,신안군,신의면
모농2마을,전라남도,신안군,신의면
공수1리(수성)마을,전라남도,신안군,장산면
다수1리마을,전라남도,신안군,장산면
팽진2리마을,전라남도,신안군,장산면
오음1리마을,전라남도,신안군,장산면
도창2리마을,전라남도,신안군,장산면
대리마을,전라남도,신안군,장산면
공수2리마을,전라남도,신안군,장산면
팽진1리마을,전라남도,신안군,장산면
오음2리마을,전라남도,신안군,장산면
마진1리마을,전라남도,신안군,장산면
다수3리마을,전라남도,신안군,장산면
다수2리마을,전라남도,신안군,장산면
도창1리마을,전라남도,신안군,장산면
대리2리마을,전라남도,신안군,장산면
활목마을,전라남도,신안군,장산면
사근마을,전라남도,신안군,장산면
죽두마을,전라남도,신안군,장산면
신촌마을,전라남도,신안군,장산면
건너몰마을,전라남도,신안군,장산면
두루메마을,전라남도,신안군,장산면
마초마을,전라남도,신안군,장산면
막금마을,전라남도,신안군,장산면
동외마을,전라남도,진도군,진도읍
당동마을,전라남도,진도군,진도읍
용두마을,전라남도,진도군,진도읍
두정마을,전라남도,진도군,진도읍
통정마을,전라남도,진도군,진도읍
성동마을,전라남도,진도군,진도읍
성서마을,전라남도,진도군,진도읍
북상마을,전라남도,진도군,진도읍
서외마을,전라남도,진도군,진도읍
사정1마을,전라남도,진도군,진도읍
사정2마을,전라남도,진도군,진도읍
송현마을,전라남도,진도군,진도읍
고작마을,전라남도,진도군,진도읍
남동마을,전라남도,진도군,진도읍
남산마을,전라남도,진도군,진도읍
조금마을,전라남도,진도군,진도읍
포산마을,전라남도,진도군,진도읍
포서마을,전라남도,진도군,진도읍
지도마을,전라남도,진도군,진도읍
포구마을,전라남도,진도군,진도읍
죽엽마을,전라남도,진도군,진도읍
수역마을,전라남도,진도군,진도읍
북치마을,전라남도,진도군,진도읍
매향마을,전라남도,진도군,진도읍
신흥마을,전라남도,진도군,진도읍
월평마을,전라남도,진도군,진도읍
수유마을,전라남도,진도군,진도읍
전두1마을,전라남도,진도군,진도읍
전두2마을,전라남도,진도군,진도읍
청용마을,전라남도,진도군,진도읍
산월마을,전라남도,진도군,진도읍
내산월마을,전라남도,진도군,진도읍
-마을,전라남도,진도군,진도읍
소포마을,전라남도,진도군,진도읍
해창마을,전라남도,진도군,진도읍
염장마을,전라남도,진도군,진도읍
나리마을,전라남도,진도군,군내면
신기마을,전라남도,진도군,군내면
죽전마을,전라남도,진도군,군내면
대야마을,전라남도,진도군,군내면
녹진마을,전라남도,진도군,군내면
만금마을,전라남도,진도군,군내면
대사마을,전라남도,진도군,군내면
용인마을,전라남도,진도군,군내면
덕병마을,전라남도,진도군,군내면
한의마을,전라남도,진도군,군내면
신동마을,전라남도,진도군,군내면
금성마을,전라남도,진도군,군내면
안농마을,전라남도,진도군,군내면
연산마을,전라남도,진도군,군내면
금골마을,전라남도,진도군,군내면
둔전마을,전라남도,진도군,군내면
장언마을,전라남도,진도군,군내면
세등마을,전라남도,진도군,군내면
용장마을,전라남도,진도군,군내면
송산마을,전라남도,진도군,군내면
상가마을,전라남도,진도군,군내면
한사마을,전라남도,진도군,군내면
분토마을,전라남도,진도군,군내면
내동산마을,전라남도,진도군,군내면
외동산마을,전라남도,진도군,군내면
월가마을,전라남도,진도군,군내면
정거마을,전라남도,진도군,군내면
정자마을,전라남도,진도군,군내면
석현마을,전라남도,진도군,고군면
오일시마을,전라남도,진도군,고군면
신리마을,전라남도,진도군,고군면
고성마을,전라남도,진도군,고군면
평산마을,전라남도,진도군,고군면
도론마을,전라남도,진도군,고군면
유교마을,전라남도,진도군,고군면
오류마을,전라남도,진도군,고군면
벽파마을,전라남도,진도군,고군면
연동마을,전라남도,진도군,고군면
내동산마을,전라남도,진도군,고군면
마산마을,전라남도,진도군,고군면
황조마을,전라남도,진도군,고군면
오상마을,전라남도,진도군,고군면
오하마을,전라남도,진도군,고군면
지수마을,전라남도,진도군,고군면
지막마을,전라남도,진도군,고군면
지막마을,전라남도,진도군,고군면
벌포마을,전라남도,진도군,고군면
하율마을,전라남도,진도군,고군면
원포마을,전라남도,진도군,고군면
모사마을,전라남도,진도군,고군면
향동마을,전라남도,진도군,고군면
가계마을,전라남도,진도군,고군면
회동마을,전라남도,진도군,고군면
용호마을,전라남도,진도군,고군면
금호마을,전라남도,진도군,고군면
사상마을,전라남도,진도군,의신면
사하마을,전라남도,진도군,의신면
침계마을,전라남도,진도군,의신면
영산마을,전라남도,진도군,의신면
진설마을,전라남도,진도군,의신면
칠전마을,전라남도,진도군,의신면
중굴마을,전라남도,진도군,의신면
하굴마을,전라남도,진도군,의신면
신생마을,전라남도,진도군,의신면
창포마을,전라남도,진도군,의신면
가단마을,전라남도,진도군,의신면
돈지마을,전라남도,진도군,의신면
향교마을,전라남도,진도군,의신면
옥대마을,전라남도,진도군,의신면
정지마을,전라남도,진도군,의신면
중리마을,전라남도,진도군,의신면
청용마을,전라남도,진도군,의신면
연주마을,전라남도,진도군,의신면
응덕마을,전라남도,진도군,의신면
초상마을,전라남도,진도군,의신면
초하마을,전라남도,진도군,의신면
초중마을,전라남도,진도군,의신면
초평마을,전라남도,진도군,의신면
송군마을,전라남도,진도군,의신면
모도마을,전라남도,진도군,의신면
거룡마을,전라남도,진도군,의신면
신정마을,전라남도,진도군,의신면
사정마을,전라남도,진도군,의신면
만길마을,전라남도,진도군,의신면
원두마을,전라남도,진도군,의신면
도명마을,전라남도,진도군,의신면
도목마을,전라남도,진도군,의신면
도항마을,전라남도,진도군,의신면
송정마을,전라남도,진도군,의신면
죽청마을,전라남도,진도군,의신면
죽청마을,전라남도,진도군,의신면
활곡마을,전라남도,진도군,의신면
금갑마을,전라남도,진도군,의신면
접도마을,전라남도,진도군,의신면
원다마을,전라남도,진도군,의신면
수품마을,전라남도,진도군,의신면
상미마을,전라남도,진도군,임회면
중미마을,전라남도,진도군,임회면
하미마을,전라남도,진도군,임회면
광전마을,전라남도,진도군,임회면
선항마을,전라남도,진도군,임회면
장구포마을,전라남도,진도군,임회면
용산마을,전라남도,진도군,임회면
호구마을,전라남도,진도군,임회면
중매마을,전라남도,진도군,임회면
길우마을,전라남도,진도군,임회면
고산마을,전라남도,진도군,임회면
매정마을,전라남도,진도군,임회면
사령마을,전라남도,진도군,임회면
사령마을,전라남도,진도군,임회면
십일시마을,전라남도,진도군,임회면
고방마을,전라남도,진도군,임회면
석교마을,전라남도,진도군,임회면
구분실마을,전라남도,진도군,임회면
봉상마을,전라남도,진도군,임회면
송월마을,전라남도,진도군,임회면
송정마을,전라남도,진도군,임회면
중만마을,전라남도,진도군,임회면
상만마을,전라남도,진도군,임회면
귀성마을,전라남도,진도군,임회면
탑립마을,전라남도,진도군,임회면
죽림마을,전라남도,진도군,임회면
동헌마을,전라남도,진도군,임회면
강계마을,전라남도,진도군,임회면
백동마을,전라남도,진도군,임회면
신동마을,전라남도,진도군,임회면
굴포마을,전라남도,진도군,임회면
남선마을,전라남도,진도군,임회면
남동마을,전라남도,진도군,임회면
서망마을,전라남도,진도군,임회면
팽목마을,전라남도,진도군,임회면
상연동마을,전라남도,진도군,임회면
내연동마을,전라남도,진도군,임회면
동구마을,전라남도,진도군,임회면
인천마을,전라남도,진도군,지산면
독치마을,전라남도,진도군,지산면
관마마을,전라남도,진도군,지산면
외삼당마을,전라남도,진도군,지산면
내삼당마을,전라남도,진도군,지산면
상고야마을,전라남도,진도군,지산면
하고야마을,전라남도,진도군,지산면
소앵무마을,전라남도,진도군,지산면
대앵무마을,전라남도,진도군,지산면
길은마을,전라남도,진도군,지산면
고길마을,전라남도,진도군,지산면
용동마을,전라남도,진도군,지산면
소포마을,전라남도,진도군,지산면
안치마을,전라남도,진도군,지산면
거제마을,전라남도,진도군,지산면
상보전마을,전라남도,진도군,지산면
하보전마을,전라남도,진도군,지산면
갈두마을,전라남도,진도군,지산면
와우마을,전라남도,진도군,지산면
금노마을,전라남도,진도군,지산면
가치마을,전라남도,진도군,지산면
상봉암마을,전라남도,진도군,지산면
하봉암마을,전라남도,진도군,지산면
가학마을,전라남도,진도군,지산면
세방마을,전라남도,진도군,지산면
세포마을,전라남도,진도군,지산면
상심동마을,전라남도,진도군,지산면
하심동마을,전라남도,진도군,지산면
수양마을,전라남도,진도군,지산면
마사마을,전라남도,진도군,지산면
오류마을,전라남도,진도군,지산면
월촌마을,전라남도,진도군,지산면
대천마을,전라남도,진도군,지산면
송호마을,전라남도,진도군,지산면
유목마을,전라남도,진도군,지산면
관매마을,전라남도,진도군,조도면
관호마을,전라남도,진도군,조도면
읍구마을,전라남도,진도군,조도면
읍구마을,전라남도,진도군,조도면
육동마을,전라남도,진도군,조도면
신전마을,전라남도,진도군,조도면
창리마을,전라남도,진도군,조도면
창리마을,전라남도,진도군,조도면
어류포마을,전라남도,진도군,조도면
산행마을,전라남도,진도군,조도면
유토마을,전라남도,진도군,조도면
명지마을,전라남도,진도군,조도면
곤우마을,전라남도,진도군,조도면
대마마을,전라남도,진도군,조도면
대막마을,전라남도,진도군,조도면
소마마을,전라남도,진도군,조도면
관사마을,전라남도,진도군,조도면
관작마을,전라남도,진도군,조도면
나배마을,전라남도,진도군,조도면
맹성마을,전라남도,진도군,조도면
당도마을,전라남도,진도군,조도면
동구마을,전라남도,진도군,조도면
율목마을,전라남도,진도군,조도면
여미마을,전라남도,진도군,조도면
성남마을,전라남도,진도군,조도면
죽항마을,전라남도,진도군,조도면
독거마을,전라남도,진도군,조도면
청등마을,전라남도,진도군,조도면
모도마을,전라남도,진도군,조도면
진목마을,전라남도,진도군,조도면
옥도마을,전라남도,진도군,조도면
눌옥도마을,전라남도,진도군,조도면
외병마을,전라남도,진도군,조도면
내병마을,전라남도,진도군,조도면
동육마을,전라남도,진도군,조도면
동육마을,전라남도,진도군,조도면
동막마을,전라남도,진도군,조도면
서거차마을,전라남도,진도군,조도면
맹골마을,전라남도,진도군,조도면
가사마을,전라남도,진도군,조도면
궁항마을,전라남도,진도군,조도면
돌목마을,전라남도,진도군,조도면
군내마을,전라남도,여수시,돌산읍
남외마을,전라남도,여수시,돌산읍
서외마을,전라남도,여수시,돌산읍
송도마을,전라남도,여수시,돌산읍
신기마을,전라남도,여수시,돌산읍
대복마을,전라남도,여수시,돌산읍
예교마을,전라남도,여수시,돌산읍
작금마을,전라남도,여수시,돌산읍
성두마을,전라남도,여수시,돌산읍
소율마을,전라남도,여수시,돌산읍
임포마을,전라남도,여수시,돌산읍
대율마을,전라남도,여수시,돌산읍
백포마을,전라남도,여수시,돌산업
두문마을,전라남도,여수시,돌산읍
봉림마을,전라남도,여수시,돌산읍
방죽마을,전라남도,여수시,돌산읍
서기마을,전라남도,여수시,돌산읍
덕곡마을,전라남도,여수시,돌산읍
승월마을,전라남도,여수시,돌산읍
봉양마을,전라남도,여수시,돌산읍
속전마을,전라남도,여수시,돌산읍
금천마을,전라남도,여수시,돌산읍
송시마을,전라남도,여수시,돌산읍
항대마을,전라남도,여수시,돌산읍
둔전마을,전라남도,여수시,돌산읍
봉수마을,전라남도,여수시,돌산읍
평사마을,전라남도,여수시,돌산읍
모장마을,전라남도,여수시,돌산읍
도실마을,전라남도,여수시,돌산읍
월암마을,전라남도,여수시,돌산읍
계동마을,전라남도,여수시,돌산읍
굴전마을,전라남도,여수시,돌산읍
상동마을,전라남도,여수시,돌산읍
하동마을,전라남도,여수시,돌산읍
백초마을,전라남도,여수시,돌산읍
진목마을,전라남도,여수시,돌산읍
진두마을,전라남도,여수시,돌산읍
덕양1구마을,전라남도,여수시,소라면
덕양2구마을,전라남도,여수시,소라면
덕양3구마을,전라남도,여수시,소라면
덕양4구(성재)마을,전라남도,여수시,소라면
덕양5구(내기)마을,전라남도,여수시,소라면
덕양6구마을,전라남도,여수시,소라면
죽림마을,전라남도,여수시,소라면
관기1구마을,전라남도,여수시,소라면
관기2구마을,전라남도,여수시,소라면
관기3구마을,전라남도,여수시,소라면
현천1구마을,전라남도,여수시,소라면
현천2구마을,전라남도,여수시,소라면
현천3구마을,전라남도,여수시,소라면
복산1구마을,전라남도,여수시,소라면
복산2구마을,전라남도,여수시,소라면
복산3구마을,전라남도,여수시,소라면
복산4구마을,전라남도,여수시,소라면
복산5구마을,전라남도,여수시,소라면
복산6구마을,전라남도,여수시,소라면
사곡1구마을,전라남도,여수시,소라면
사곡2구마을,전라남도,여수시,소라면
사곡3구마을,전라남도,여수시,소라면
사곡4구마을,전라남도,여수시,소라면
봉두1구마을,전라남도,여수시,소라면
봉두2구마을,전라남도,여수시,소라면
봉두3구마을,전라남도,여수시,소라면
대포1구마을,전라남도,여수시,소라면
대포2구(구족도)마을,전라남도,여수시,소라면
대포3구마을,전라남도,여수시,소라면
대포4구(장전)마을,전라남도,여수시,소라면
대포4구마을,전라남도,여수시,소라면
죽림하금마을,전라남도,여수시,소라면
덕양5구(흑산)마을,전라남도,여수시,소라면
득실마을,전라남도,여수시,율촌면
가장난화마을,전라남도,여수시,율촌면
상봉1구마을,전라남도,여수시,율촌면
청산외청마을,전라남도,여수시,율촌면
청산1구마을,전라남도,여수시,율촌면
청산내청(2리)마을,전라남도,여수시,율촌면
월산2리마을,전라남도,여수시,율촌면
여흥1구마을,전라남도,여수시,율촌면
광암마을,전라남도,여수시,율촌면
봉전마을,전라남도,여수시,율촌면
여흥3구사항마을,전라남도,여수시,율촌면
가장평촌마을,전라남도,여수시,율촌면
산곡마을,전라남도,여수시,율촌면
구암마을,전라남도,여수시,율촌면
산수1구마을,전라남도,여수시,율촌면
삼산마을,전라남도,여수시,율촌면
송도마을,전라남도,여수시,율촌면
가장중산마을,전라남도,여수시,율촌면
상봉2구마을,전라남도,여수시,율촌면
취적1구 하취적마을,전라남도,여수시,율촌면
취적2구봉정마을,전라남도,여수시,율촌면
도성마을,전라남도,여수시,율촌면
산수평여마을,전라남도,여수시,율촌면
산수봉두마을,전라남도,여수시,율촌면
덕산마을,전라남도,여수시,율촌면
신산1구마을,전라남도,여수시,율촌면
반월마을,전라남도,여수시,율촌면
신정(월산3리)마을,전라남도,여수시,율촌면
나진마을,전라남도,여수시,화양면
소장마을,전라남도,여수시,화양면
용주마을,전라남도,여수시,화양면
고내마을,전라남도,여수시,화양면
호두마을,전라남도,여수시,화양면
화련마을,전라남도,여수시,화양면
창무마을,전라남도,여수시,화양면
백초마을,전라남도,여수시,화양면
오천마을,전라남도,여수시,화양면
이천마을,전라남도,여수시,화양면
감도마을,전라남도,여수시,화양면
마상마을,전라남도,여수시,화양면
옥적마을,전라남도,여수시,화양면
대옥마을,전라남도,여수시,화양면
상전마을,전라남도,여수시,화양면
화동마을,전라남도,여수시,화양면
청량마을,전라남도,여수시,화양면
서촌마을,전라남도,여수시,화양면
석교마을,전라남도,여수시,화양면
봉오마을,전라남도,여수시,화양면
이목마을,전라남도,여수시,화양면
서연마을,전라남도,여수시,화양면
구미마을,전라남도,여수시,화양면
벌가마을,전라남도,여수시,화양면
장수마을,전라남도,여수시,화양면
수문마을,전라남도,여수시,화양면
장척마을,전라남도,여수시,화양면
장동마을,전라남도,여수시,화양면
세포마을,전라남도,여수시,화양면
원포마을,전라남도,여수시,화양면
안포마을,전라남도,여수시,화양면
내외진마을,전라남도,여수시,남면
우실마을,전라남도,여수시,남면
학동마을,전라남도,여수시,남면
두포마을,전라남도,여수시,남면
직포마을,전라남도,여수시,남면
모하마을,전라남도,여수시,남면
함구미마을,전라남도,여수시,남면
송고마을,전라남도,여수시,남면
여천마을,전라남도,여수시,남면
대유마을,전라남도,여수시,남면
소유마을,전라남도,여수시,남면
장지마을,전라남도,여수시,남면
심포마을,전라남도,여수시,남면
미포마을,전라남도,여수시,남면
안도마을,전라남도,여수시,남면
서고지마을,전라남도,여수시,남면
연도마을,전라남도,여수시,남면
역포마을,전라남도,여수시,남면
대두마을,전라남도,여수시,남면
봉통마을,전라남도,여수시,남면
화태마을,전라남도,여수시,남면
횡간마을,전라남도,여수시,남면
월전마을,전라남도,여수시,남면
나발마을,전라남도,여수시,남면
월호마을,전라남도,여수시,화정면
자봉마을,전라남도,여수시,화정면
월항마을,전라남도,여수시,화정면
신흥마을,전라남도,여수시,화정면
화산마을,전라남도,여수시,화정면
여석마을,전라남도,여수시,화정면
모전마을,전라남도,여수시,화정면
호령마을,전라남도,여수시,화정면
제도마을,전라남도,여수시,화정면
백야마을,전라남도,여수시,화정면
화백마을,전라남도,여수시,화정면
하화마을,전라남도,여수시,화정면
상화마을,전라남도,여수시,화정면
사도마을,전라남도,여수시,화정면
여산마을,전라남도,여수시,화정면
규포마을,전라남도,여수시,화정면
조발마을,전라남도,여수시,화정면
둔병마을,전라남도,여수시,화정면
적금마을,전라남도,여수시,화정면
여자마을,전라남도,여수시,화정면
마파마을,전라남도,여수시,화정면
송여자마을,전라남도,여수시,화정면
거문마을,전라남도,여수시,삼산면
덕촌마을,전라남도,여수시,삼산면
변촌마을,전라남도,여수시,삼산면
서도마을,전라남도,여수시,삼산면
유촌마을,전라남도,여수시,삼산면
죽촌마을,전라남도,여수시,삼산면
대동마을,전라남도,여수시,삼산면
진막마을,전라남도,여수시,삼산면
의성마을,전라남도,여수시,삼산면
손죽마을,전라남도,여수시,삼산면
소거문마을,전라남도,여수시,삼산면
평도마을,전라남도,여수시,삼산면
오복마을,전라남도,여수시,월호동
내동마을,전라남도,여수시,월호동
외동마을,전라남도,여수시,월호동
소경도마을,전라남도,여수시,월호동
대치마을,전라남도,여수시,여서동
기동마을,전라남도,여수시,여서동
허문마을,전라남도,여수시,문수동
소미마을,전라남도,여수시,문수동
신죽마을,전라남도,여수시,미평동
양지마을,전라남도,여수시,미평동
용수마을,전라남도,여수시,둔덕동
문치마을,전라남도,여수시,둔덕동
석교마을,전라남도,여수시,둔덕동
오천마을,전라남도,여수시,만덕동
평촌마을,전라남도,여수시,만덕동
중촌마을,전라남도,여수시,만덕동
상촌마을,전라남도,여수시,만덕동
충민마을,전라남도,여수시,만덕동
충민마을,전라남도,여수시,만덕동
석천마을,전라남도,여수시,만덕동
원학동(5통)마을,전라남도,여수시,쌍봉동
17통마을,전라남도,여수시,쌍봉동
월양(32통)마을,전라남도,여수시,쌍봉동
월안(31통)마을,전라남도,여수시,쌍봉동
월산(30통)마을,전라남도,여수시,쌍봉동
안량(29통)마을,전라남도,여수시,쌍봉동
심곡(35통)마을,전라남도,여수시,쌍봉동
장성(26통)마을,전라남도,여수시,쌍봉동
송소(47통)마을,전라남도,여수시,쌍봉동
항호(35통)마을,전라남도,여수시,쌍봉동
용암(44통)마을,전라남도,여수시,쌍봉동
소제(46통)마을,전라남도,여수시,쌍봉동
신흥마을,전라남도,여수시,시전동
구학동마을,전라남도,여수시,시전동
기전마을,전라남도,여수시,시전동
웅동마을,전라남도,여수시,시전동
모전마을,전라남도,여수시,시전동
웅서마을,전라남도,여수시,시전동
송현마을,전라남도,여수시,시전동
원송현마을,전라남도,여수시,시전동
무선마을,전라남도,여수시,여천동
도원마을,전라남도,여수시,여천동
신선마을,전라남도,여수시,여천동
가곡마을,전라남도,여수시,여천동
신가곡마을,전라남도,여수시,여천동
반월마을,전라남도,여수시,여천동
내동마을,전라남도,여수시,여천동
대통마을,전라남도,여수시,여천동
성산마을,전라남도,여수시,여천동
신촌마을,전라남도,여수시,여천동
화산마을,전라남도,여수시,여천동
군장마을,전라남도,여수시,여천동
상군장마을,전라남도,여수시,여천동
용성마을,전라남도,여수시,여천동
사포마을,전라남도,여수시,여천동
화치마을,전라남도,여수시,여천동
신풍마을,전라남도,여수시,여천동
두암마을,전라남도,여수시,여천동
주암마을,전라남도,여수시,주삼동
주동마을,전라남도,여수시,주삼동
월앙마을,전라남도,여수시,주삼동
봉강마을,전라남도,여수시,주삼동
계원마을,전라남도,여수시,주삼동
해지마을,전라남도,여수시,주삼동
대평부락마을,전라남도,여수시,주삼동
신덕 덕대마을,전라남도,여수시,삼일동
섬도마을,전라남도,여수시,삼일동
작양마을,전라남도,여수시,삼일동
상암마을,전라남도,여수시,삼일동
당내마을,전라남도,여수시,삼일동
읍동마을,전라남도,여수시,삼일동
신진마을,전라남도,여수시,삼일동
진북마을,전라남도,여수시,삼일동
진남마을,전라남도,여수시,삼일동
호명마을,전라남도,여수시,삼일동
양지마을,전라남도,여수시,삼일동
자양마을,전라남도,여수시,삼일동
내동마을,전라남도,여수시,삼일동
자내마을,전라남도,여수시,삼일동
온동마을,전라남도,여수시,묘도동
묘읍마을,전라남도,여수시,묘도동
도독마을,전라남도,여수시,묘도동
창촌마을,전라남도,여수시,묘도동
광양포마을,전라남도,여수시,묘도동
교촌마을,전라남도,영광군,영광읍
남천마을,전라남도,영광군,영광읍
반등(번등)마을,전라남도,영광군,영광읍
도동마을,전라남도,영광군,영광읍
무령마을,전라남도,영광군,영광읍
백학마을,전라남도,영광군,영광읍
하동마을,전라남도,영광군,영광읍
신흥마을,전라남도,영광군,영광읍
신평마을,전라남도,영광군,영광읍
연성(연동)마을,전라남도,영광군,영광읍
와전마을,전라남도,영광군,영광읍
우평마을,전라남도,영광군,영광읍
학곡마을,전라남도,영광군,영광읍
외서(오서)마을,전라남도,영광군,영광읍
사직마을,전라남도,영광군,영광읍
대신마을,전라남도,영광군,영광읍
양곡(금곡)마을,전라남도,영광군,영광읍
내오마을,전라남도,영광군,영광읍
하라마을,전라남도,영광군,영광읍
월평마을,전라남도,영광군,영광읍
언고마을,전라남도,영광군,영광읍
옥동마을,전라남도,영광군,영광읍
녹사(녹산)마을,전라남도,영광군,영광읍
신기마을,전라남도,영광군,영광읍
궁산마을,전라남도,영광군,영광읍
갑룡마을,전라남도,영광군,영광읍
장동마을,전라남도,영광군,영광읍
월곡마을,전라남도,영광군,영광읍
신대마을,전라남도,영광군,영광읍
신만마을,전라남도,영광군,영광읍
도양마을,전라남도,영광군,영광읍
덕산마을,전라남도,영광군,영광읍
고성마을,전라남도,영광군,영광읍
녹사마을,전라남도,영광군,영광읍
삼호마을,전라남도,영광군,영광읍
구평마을,전라남도,영광군,영광읍
칠성마을,전라남도,영광군,영광읍
단주마을,전라남도,영광군,영광읍
희경마을,전라남도,영광군,영광읍
입동마을,전라남도,영광군,영광읍
평전마을,전라남도,영광군,영광읍
장산아파트마을,전라남도,영광군,영광읍
금호아파트마을,전라남도,영광군,영광읍
백동마을,전라남도,영광군,영광읍
정광면마을,전라남도,영광군,영광읍
남천2리마을,전라남도,영광군,영광읍
대성스카이빌아파트마을,전라남도,영광군,영광읍
골남부마을,전라남도,영광군,영광읍
오서마을,전라남도,영광군,영광읍
주공아파트마을,전라남도,영광군,영광읍
쉼터103호 마을,전라남도,영광군,영광읍
금호어울림아파트마을,전라남도,영광군,영광읍
모두원웰리스아파트마을,전라남도,영광군,영광읍
6반 마을,전라남도,영광군,백수읍
양성리시장마을,전라남도,영광군,백수읍
하대마을,전라남도,영광군,백수읍
구호동마을,전라남도,영광군,백수읍
지암마을,전라남도,영광군,백수읍
월촌마을,전라남도,영광군,백수읍
한시랑마을,전라남도,영광군,백수읍
교동마을,전라남도,영광군,백수읍
대초마을,전라남도,영광군,백수읍
덕산마을,전라남도,영광군,백수읍
송정마을,전라남도,영광군,백수읍
금정마을,전라남도,영광군,백수읍
송산마을,전라남도,영광군,백수읍
가지마을,전라남도,영광군,백수읍
백동마을,전라남도,영광군,백수읍
상촌마을,전라남도,영광군,백수읍
장수마을,전라남도,영광군,백수읍
조양마을,전라남도,영광군,백수읍
중촌마을,전라남도,영광군,백수읍
평산마을,전라남도,영광군,백수읍
염전마을,전라남도,영광군,백수읍
대흥마을,전라남도,영광군,백수읍
신촌마을,전라남도,영광군,백수읍
천기마을,전라남도,영광군,백수읍
한성마을,전라남도,영광군,백수읍
4반마을,전라남도,영광군,백수읍
오성마을,전라남도,영광군,백수읍
평지마을,전라남도,영광군,백수읍
이민촌마을,전라남도,영광군,백수읍
삽고마을,전라남도,영광군,백수읍
염소마을,전라남도,영광군,백수읍
동봉마을,전라남도,영광군,백수읍
월산마을,전라남도,영광군,백수읍
범실마을,전라남도,영광군,백수읍
답동마을,전라남도,영광군,백수읍
명마마을,전라남도,영광군,백수읍
동백마을,전라남도,영광군,백수읍
명산마을,전라남도,영광군,백수읍
반암마을,전라남도,영광군,백수읍
사등마을,전라남도,영광군,백수읍
묘동마을,전라남도,영광군,백수읍
구시미마을,전라남도,영광군,백수읍
백신마을,전라남도,영광군,백수읍
용암마을,전라남도,영광군,백수읍
신정마을,전라남도,영광군,백수읍
운제마을,전라남도,영광군,백수읍
학동마을,전라남도,영광군,백수읍
상대마을,전라남도,영광군,백수읍
삽촌마을,전라남도,영광군,백수읍
만년동마을,전라남도,영광군,백수읍
상둔마을,전라남도,영광군,백수읍
장동마을,전라남도,영광군,백수읍
호동마을,전라남도,영광군,백수읍
중앙동마을,전라남도,영광군,홍농읍
계마리마을,전라남도,영광군,홍농읍
풍암마을,전라남도,영광군,홍농읍
칠암마을,전라남도,영광군,홍농읍
명당마을,전라남도,영광군,홍농읍
가학마을,전라남도,영광군,홍농읍
상삼마을,전라남도,영광군,홍농읍
구사마을,전라남도,영광군,홍농읍
죽동마을,전라남도,영광군,홍농읍
하석마을,전라남도,영광군,홍농읍
양지마을,전라남도,영광군,홍농읍
월평마을,전라남도,영광군,홍농읍
우봉마을,전라남도,영광군,홍농읍
산덕마을,전라남도,영광군,홍농읍
덕림마을,전라남도,영광군,홍농읍
상봉마을,전라남도,영광군,홍농읍
신촌마을,전라남도,영광군,홍농읍
하봉마을,전라남도,영광군,홍농읍
하삼마을,전라남도,영광군,홍농읍
단지마을,전라남도,영광군,홍농읍
신대마을,전라남도,영광군,홍농읍
황곡마을,전라남도,영광군,홍농읍
교동마을,전라남도,영광군,홍농읍
월곡마을,전라남도,영광군,홍농읍
문산마을,전라남도,영광군,홍농읍
서당마을,전라남도,영광군,홍농읍
상석마을,전라남도,영광군,홍농읍
진정마을,전라남도,영광군,홍농읍
항월마을,전라남도,영광군,홍농읍
암모실마을,전라남도,영광군,홍농읍
한현마을,전라남도,영광군,홍농읍
목맥마을,전라남도,영광군,홍농읍
한수원사택마을,전라남도,영광군,홍농읍
세덕마을,전라남도,영광군,홍농읍
향월마을,전라남도,영광군,홍농읍
중앙마을,전라남도,영광군,홍농읍
섬암마을,전라남도,영광군,대마면
반월마을,전라남도,영광군,대마면
원당마을,전라남도,영광군,대마면
장보마을,전라남도,영광군,대마면
농주마을,전라남도,영광군,대마면
남산마을,전라남도,영광군,대마면
선산마을,전라남도,영광군,대마면
월산마을,전라남도,영광군,대마면
평금마을,전라남도,영광군,대마면
송촌마을,전라남도,영광군,대마면
군동마을,전라남도,영광군,대마면
대성마을,전라남도,영광군,대마면
중홍마을,전라남도,영광군,대마면
하화마을,전라남도,영광군,대마면
죽동마을,전라남도,영광군,대마면
구천마을,전라남도,영광군,대마면
주교마을,전라남도,영광군,대마면
금산마을,전라남도,영광군,대마면
석정마을,전라남도,영광군,대마면
지장마을,전라남도,영광군,대마면
산정마을,전라남도,영광군,대마면
삼산마을,전라남도,영광군,묘량면
선동마을,전라남도,영광군,묘량면
청산마을,전라남도,영광군,묘량면
장동마을,전라남도,영광군,묘량면
영민농원마을,전라남도,영광군,묘량면
영당마을,전라남도,영광군,묘량면
미산마을,전라남도,영광군,묘량면
당산마을,전라남도,영광군,묘량면
효동마을,전라남도,영광군,묘량면
산포마을,전라남도,영광군,묘량면
장등마을,전라남도,영광군,묘량면
영촌마을,전라남도,영광군,묘량면
운암마을,전라남도,영광군,묘량면
유성마을,전라남도,영광군,묘량면
효성마을,전라남도,영광군,묘량면
월포마을,전라남도,영광군,묘량면
가리마을,전라남도,영광군,묘량면
팔음마을,전라남도,영광군,묘량면
막해마을,전라남도,영광군,묘량면
연촌마을,전라남도,영광군,묘량면
몽강마을,전라남도,영광군,묘량면
덕동마을,전라남도,영광군,묘량면
문례마을,전라남도,영광군,묘량면
왕촌마을,전라남도,영광군,묘량면
부실마을,전라남도,영광군,불갑면
사산마을,전라남도,영광군,불갑면
용산마을,전라남도,영광군,불갑면
황산마을,전라남도,영광군,불갑면
봉동마을,전라남도,영광군,불갑면
송정마을,전라남도,영광군,불갑면
오룡마을,전라남도,영광군,불갑면
인산마을,전라남도,영광군,불갑면
맹자마을,전라남도,영광군,불갑면
봉암마을,전라남도,영광군,불갑면
연봉마을,전라남도,영광군,불갑면
생실마을,전라남도,영광군,불갑면
단산마을,전라남도,영광군,불갑면
순량마을,전라남도,영광군,불갑면
회산마을,전라남도,영광군,불갑면
덕산마을,전라남도,영광군,불갑면
가오마을,전라남도,영광군,불갑면
회복마을,전라남도,영광군,불갑면
차반마을,전라남도,영광군,불갑면
운제마을,전라남도,영광군,불갑면
녹동마을,전라남도,영광군,불갑면
마산마을,전라남도,영광군,불갑면
월산마을,전라남도,영광군,불갑면
유봉마을,전라남도,영광군,불갑면
가사마을,전라남도,영광군,군서면
남죽마을,전라남도,영광군,군서면
하소마을,전라남도,영광군,군서면
마읍마을,전라남도,영광군,군서면
갈마마을,전라남도,영광군,군서면
보라마을,전라남도,영광군,군서면
고참마을,전라남도,영광군,군서면
남계마을,전라남도,영광군,군서면
남동마을,전라남도,영광군,군서면
장호마을,전라남도,영광군,군서면
매산마을,전라남도,영광군,군서면
내기마을,전라남도,영광군,군서면
관산마을,전라남도,영광군,군서면
원만곡마을,전라남도,영광군,군서면
신송마을,전라남도,영광군,군서면
원덕산마을,전라남도,영광군,군서면
덕동마을,전라남도,영광군,군서면
영산마을,전라남도,영광군,군서면
백동마을,전라남도,영광군,군서면
만년마을,전라남도,영광군,군서면
사동마을,전라남도,영광군,군서면
한백마을,전라남도,영광군,군서면
안터마을,전라남도,영광군,군서면
영동마을,전라남도,영광군,군서면
포천마을,전라남도,영광군,군남면
서편마을,전라남도,영광군,군남면
장고마을,전라남도,영광군,군남면
대창마을,전라남도,영광군,군남면
동고마을,전라남도,영광군,군남면
치산마을,전라남도,영광군,군남면
초두마을,전라남도,영광군,군남면
반안마을,전라남도,영광군,군남면
중촌마을,전라남도,영광군,군남면
동편마을,전라남도,영광군,군남면
도철마을,전라남도,영광군,군남면
장혈마을,전라남도,영광군,군남면
순천마을,전라남도,영광군,군남면
평암마을,전라남도,영광군,군남면
구산마을,전라남도,영광군,군남면
검덕마을,전라남도,영광군,군남면
석천마을,전라남도,영광군,군남면
한수마을,전라남도,영광군,군남면
동월3리마을,전라남도,영광군,군남면
갈마마을,전라남도,영광군,군남면
양지마을,전라남도,영광군,군남면
석암마을,전라남도,영광군,군남면
월암마을,전라남도,영광군,군남면
대삼동마을,전라남도,영광군,군남면
양호마을,전라남도,영광군,군남면
상광암마을,전라남도,영광군,군남면
백암마을,전라남도,영광군,군남면
봉덕마을,전라남도,영광군,군남면
서정마을,전라남도,영광군,군남면
율곡마을,전라남도,영광군,군남면
아양마을,전라남도,영광군,군남면
오강마을,전라남도,영광군,군남면
월산마을,전라남도,영광군,군남면
당두마을,전라남도,영광군,염산면
동촌마을,전라남도,영광군,염산면
남계마을,전라남도,영광군,염산면
야장마을,전라남도,영광군,염산면
성상마을,전라남도,영광군,염산면
이리마을,전라남도,영광군,염산면
설도마을,전라남도,영광군,염산면
양일마을,전라남도,영광군,염산면
신오마을,전라남도,영광군,염산면
신동마을,전라남도,영광군,염산면
한시마을,전라남도,영광군,염산면
상오마을,전라남도,영광군,염산면
신창마을,전라남도,영광군,염산면
운곡마을,전라남도,영광군,염산면
신옥마을,전라남도,영광군,염산면
동산마을,전라남도,영광군,염산면
노현마을,전라남도,영광군,염산면
월평마을,전라남도,영광군,염산면
축장마을,전라남도,영광군,염산면
봉서마을,전라남도,영광군,염산면
합산마을,전라남도,영광군,염산면
상정마을,전라남도,영광군,염산면
입동마을,전라남도,영광군,염산면
신대마을,전라남도,영광군,염산면
송정마을,전라남도,영광군,염산면
평촌마을,전라남도,영광군,염산면
창우마을,전라남도,영광군,염산면
연화마을,전라남도,영광군,염산면
도사마을,전라남도,영광군,염산면
상논마을,전라남도,영광군,염산면
대무마을,전라남도,영광군,염산면
미동마을,전라남도,영광군,염산면
봉양마을,전라남도,영광군,염산면
내남마을,전라남도,영광군,염산면
신정마을,전라남도,영광군,염산면
법성6리마을,전라남도,영광군,법성면
입정마을,전라남도,영광군,법성면
복룡동마을,전라남도,영광군,법성면
신두암마을,전라남도,영광군,법성면
용현마을,전라남도,영광군,법성면
언목마을,전라남도,영광군,법성면
월계마을,전라남도,영광군,법성면
부귀동마을,전라남도,영광군,법성면
천년동마을,전라남도,영광군,법성면
신덕동마을,전라남도,영광군,법성면
부용마을,전라남도,영광군,법성면
신계동마을,전라남도,영광군,법성면
성재동마을,전라남도,영광군,법성면
당산마을,전라남도,영광군,법성면
호장동마을,전라남도,영광군,법성면
삼미마을,전라남도,영광군,법성면
신산동마을,전라남도,영광군,법성면
지장리마을,전라남도,영광군,법성면
발막마을,전라남도,영광군,법성면
장자동마을,전라남도,영광군,법성면
검산마을,전라남도,영광군,법성면
용성마을,전라남도,영광군,법성면
 장전마을,전라남도,영광군,법성면
성촌마을,전라남도,영광군,법성면
지안일마을,전라남도,영광군,법성면
여술마을,전라남도,영광군,법성면
자갈금마을,전라남도,영광군,법성면
석장리마을,전라남도,영광군,법성면
장수촌마을,전라남도,영광군,법성면
산하치마을,전라남도,영광군,법성면
다랑가지마을,전라남도,영광군,법성면
화장동마을,전라남도,영광군,법성면
사동마을,전라남도,구례군,구례읍
시동마을,전라남도,구례군,구례읍
아양마을,전라남도,구례군,구례읍
백련마을,전라남도,구례군,구례읍
봉북마을,전라남도,구례군,구례읍
봉동마을,전라남도,구례군,구례읍
봉남마을,전라남도,구례군,구례읍
산수동마을,전라남도,구례군,구례읍
봉서마을,전라남도,구례군,구례읍
산정마을,전라남도,구례군,구례읍
동산마을,전라남도,구례군,구례읍
오봉마을,전라남도,구례군,구례읍
양정마을,전라남도,구례군,구례읍
원천마을,전라남도,구례군,구례읍
병방마을,전라남도,구례군,구례읍
신촌마을,전라남도,구례군,구례읍
월암마을,전라남도,구례군,구례읍
독자마을,전라남도,구례군,구례읍
유곡마을,전라남도,구례군,구례읍
논곡마을,전라남도,구례군,구례읍
본황마을,전라남도,구례군,구례읍
동해마을,전라남도,구례군,문척면
죽연마을,전라남도,구례군,문척면
구성마을,전라남도,구례군,문척면
안지마을,전라남도,구례군,문척면
전천마을,전라남도,구례군,문척면
월평마을,전라남도,구례군,문척면
금평마을,전라남도,구례군,문척면
토금마을,전라남도,구례군,문척면
화정마을,전라남도,구례군,문척면
중산마을,전라남도,구례군,문척면
대평마을,전라남도,구례군,간전면
해평마을,전라남도,구례군,간전면
양동마을,전라남도,구례군,간전면
야동마을,전라남도,구례군,간전면
흥대마을,전라남도,구례군,간전면
복구마을,전라남도,구례군,간전면
대촌마을,전라남도,구례군,간전면
안음마을,전라남도,구례군,간전면
상만마을,전라남도,구례군,간전면
하만마을,전라남도,구례군,간전면
중평마을,전라남도,구례군,간전면
산정마을,전라남도,구례군,간전면
수내마을,전라남도,구례군,간전면
효죽마을,전라남도,구례군,간전면
논곡마을,전라남도,구례군,간전면
금산마을,전라남도,구례군,간전면
하천마을,전라남도,구례군,간전면
백운천마을,전라남도,구례군,간전면
거석마을,전라남도,구례군,간전면
중한치마을,전라남도,구례군,간전면
묘동마을,전라남도,구례군,간전면
파도마을,전라남도,구례군,토지면
옥산마을,전라남도,구례군,토지면
구만마을,전라남도,구례군,토지면
단산마을,전라남도,구례군,토지면
내죽마을,전라남도,구례군,토지면
하죽마을,전라남도,구례군,토지면
오미마을,전라남도,구례군,토지면
용두마을,전라남도,구례군,토지면
원내마을,전라남도,구례군,토지면
용정마을,전라남도,구례군,토지면
신기마을,전라남도,구례군,토지면
안촌마을,전라남도,구례군,토지면
봉소마을,전라남도,구례군,토지면
송정마을,전라남도,구례군,토지면
기촌마을,전라남도,구례군,토지면
중기마을,전라남도,구례군,토지면
신촌마을,전라남도,구례군,토지면
원기마을,전라남도,구례군,토지면
남산마을,전라남도,구례군,토지면
평도마을,전라남도,구례군,토지면
당치마을,전라남도,구례군,토지면
직전마을,전라남도,구례군,토지면
문수마을,전라남도,구례군,토지면
마산마을,전라남도,구례군,마산면
냉천마을,전라남도,구례군,마산면
광평마을,전라남도,구례군,마산면
가랑마을,전라남도,구례군,마산면
상사마을,전라남도,구례군,마산면
하사마을,전라남도,구례군,마산면
황전마을,전라남도,구례군,마산면
장궁마을,전라남도,구례군,마산면
갑대마을,전라남도,구례군,마산면
지하마을,전라남도,구례군,광의면
지상마을,전라남도,구례군,광의면
천변마을,전라남도,구례군,광의면
대촌마을,전라남도,구례군,광의면
유산마을,전라남도,구례군,광의면
월곡마을,전라남도,구례군,광의면
당촌마을,전라남도,구례군,광의면
수한마을,전라남도,구례군,광의면
용전마을,전라남도,구례군,광의면
방광마을,전라남도,구례군,광의면
연파마을,전라남도,구례군,광의면
공북마을,전라남도,구례군,광의면
상대마을,전라남도,구례군,광의면
하대마을,전라남도,구례군,광의면
당동마을,전라남도,구례군,광의면
난동마을,전라남도,구례군,광의면
온동마을,전라남도,구례군,광의면
구만마을,전라남도,구례군,광의면
사림마을,전라남도,구례군,용방면
사우마을,전라남도,구례군,용방면
하신마을,전라남도,구례군,용방면
두동마을,전라남도,구례군,용방면
봉덕마을,전라남도,구례군,용방면
신지마을,전라남도,구례군,용방면
선월마을,전라남도,구례군,용방면
하용마을,전라남도,구례군,용방면
상용마을,전라남도,구례군,용방면
감천마을,전라남도,구례군,용방면
송정마을,전라남도,구례군,용방면
도암마을,전라남도,구례군,용방면
가동마을,전라남도,구례군,용방면
신기마을,전라남도,구례군,용방면
죽정마을,전라남도,구례군,용방면
분토마을,전라남도,구례군,용방면
원촌마을,전라남도,구례군,산동면
현천마을,전라남도,구례군,산동면
원동마을,전라남도,구례군,산동면
계척마을,전라남도,구례군,산동면
상원마을,전라남도,구례군,산동면
달전마을,전라남도,구례군,산동면
중기마을,전라남도,구례군,산동면
수평마을,전라남도,구례군,산동면
삼성마을,전라남도,구례군,산동면
효동마을,전라남도,구례군,산동면
대양마을,전라남도,구례군,산동면
평촌마을,전라남도,구례군,산동면
반곡마을,전라남도,구례군,산동면
상위마을,전라남도,구례군,산동면
하위마을,전라남도,구례군,산동면
원좌마을,전라남도,구례군,산동면
상관마을,전라남도,구례군,산동면
사포마을,전라남도,구례군,산동면
구산마을,전라남도,구례군,산동면
정산마을,전라남도,구례군,산동면
탑동마을,전라남도,구례군,산동면
한천마을,전라남도,구례군,산동면
내온마을,전라남도,구례군,산동면
하신마을,전라남도,구례군,산동면
토치마을,전라남도,구례군,산동면
오향마을,전라남도,구례군,산동면
이촌마을,전라남도,구례군,산동면
우와마을,전라남도,구례군,산동면
이사마을,전라남도,구례군,산동면
둔기마을,전라남도,구례군,산동면
시랑마을,전라남도,구례군,산동면
읍내1구마을,전라남도,곡성군,곡성읍
읍내2구마을,전라남도,곡성군,곡성읍
읍내3구마을,전라남도,곡성군,곡성읍
읍내4구마을,전라남도,곡성군,곡성읍
읍내5구마을,전라남도,곡성군,곡성읍
읍내6구마을,전라남도,곡성군,곡성읍
읍내7구마을,전라남도,곡성군,곡성읍
학정1구마을,전라남도,곡성군,곡성읍
학정2구마을,전라남도,곡성군,곡성읍
교촌리마을,전라남도,곡성군,곡성읍
죽동리마을,전라남도,곡성군,곡성읍
신월리마을,전라남도,곡성군,곡성읍
월평리마을,전라남도,곡성군,곡성읍
월봉리마을,전라남도,곡성군,곡성읍
구원1구마을,전라남도,곡성군,곡성읍
구원2구마을,전라남도,곡성군,곡성읍
서계리마을,전라남도,곡성군,곡성읍
대평1구마을,전라남도,곡성군,곡성읍
대평2구마을,전라남도,곡성군,곡성읍
대평3구마을,전라남도,곡성군,곡성읍
신리마을,전라남도,곡성군,곡성읍
동산리마을,전라남도,곡성군,곡성읍
장선1구마을,전라남도,곡성군,곡성읍
장선2구마을,전라남도,곡성군,곡성읍
신기1구마을,전라남도,곡성군,곡성읍
신기2구마을,전라남도,곡성군,곡성읍
신기3구마을,전라남도,곡성군,곡성읍
묘천1구마을,전라남도,곡성군,곡성읍
묘천2구마을,전라남도,곡성군,곡성읍
오지1구마을,전라남도,곡성군,오곡면
오지2구마을,전라남도,곡성군,오곡면
오지3구마을,전라남도,곡성군,오곡면
오지4구마을,전라남도,곡성군,오곡면
오지5구마을,전라남도,곡성군,오곡면
오지6구마을,전라남도,곡성군,오곡면
오지7구마을,전라남도,곡성군,오곡면
오지8구마을,전라남도,곡성군,오곡면
덕산리마을,전라남도,곡성군,오곡면
침곡리마을,전라남도,곡성군,오곡면
송정리마을,전라남도,곡성군,오곡면
봉조1구마을,전라남도,곡성군,오곡면
봉조2구마을,전라남도,곡성군,오곡면
압록1구마을,전라남도,곡성군,오곡면
압록2구마을,전라남도,곡성군,오곡면
승법리마을,전라남도,곡성군,오곡면
명산리마을,전라남도,곡성군,오곡면
구성1구마을,전라남도,곡성군,오곡면
구성2구마을,전라남도,곡성군,오곡면
미산1구마을,전라남도,곡성군,오곡면
미산2구마을,전라남도,곡성군,오곡면
미산3구마을,전라남도,곡성군,오곡면
원등1구마을,전라남도,곡성군,삼기면
원등2구마을,전라남도,곡성군,삼기면
원등3구마을,전라남도,곡성군,삼기면
학동마을,전라남도,곡성군,삼기면
덕동마을,전라남도,곡성군,삼기면
월경마을,전라남도,곡성군,삼기면
행정마을,전라남도,곡성군,삼기면
연봉마을,전라남도,곡성군,삼기면
괴소마을,전라남도,곡성군,삼기면
서봉마을,전라남도,곡성군,삼기면
의암마을,전라남도,곡성군,삼기면
금반마을,전라남도,곡성군,삼기면
율곡마을,전라남도,곡성군,삼기면
청계마을,전라남도,곡성군,삼기면
봉현마을,전라남도,곡성군,삼기면
농소1구마을,전라남도,곡성군,삼기면
농소2구마을,전라남도,곡성군,삼기면
대명마을,전라남도,곡성군,삼기면
노동마을,전라남도,곡성군,삼기면
남계마을,전라남도,곡성군,삼기면
수산1구마을,전라남도,곡성군,삼기면
수산2구마을,전라남도,곡성군,삼기면
근촌마을,전라남도,곡성군,삼기면
수석마을,전라남도,곡성군,삼기면
경악마을,전라남도,곡성군,삼기면
금계마을,전라남도,곡성군,삼기면
월봉마을,전라남도,곡성군,석곡면
흥지마을,전라남도,곡성군,석곡면
능파마을,전라남도,곡성군,석곡면
능암마을,전라남도,곡성군,석곡면
덕동마을,전라남도,곡성군,석곡면
대흥마을,전라남도,곡성군,석곡면
당지마을,전라남도,곡성군,석곡면
월계마을,전라남도,곡성군,석곡면
마산마을,전라남도,곡성군,석곡면
용주마을,전라남도,곡성군,석곡면
방주마을,전라남도,곡성군,석곡면
상송마을,전라남도,곡성군,석곡면
하송마을,전라남도,곡성군,석곡면
여운마을,전라남도,곡성군,석곡면
용반마을,전라남도,곡성군,석곡면
연동마을,전라남도,곡성군,석곡면
전기마을,전라남도,곡성군,석곡면
죽산마을,전라남도,곡성군,석곡면
온수1구마을,전라남도,곡성군,석곡면
온수2구마을,전라남도,곡성군,석곡면
을곡마을,전라남도,곡성군,석곡면
염촌마을,전라남도,곡성군,석곡면
기동마을,전라남도,곡성군,석곡면
유정1구마을,전라남도,곡성군,석곡면
유정2구마을,전라남도,곡성군,석곡면
홍척마을,전라남도,곡성군,석곡면
등구마을,전라남도,곡성군,석곡면
봉림마을,전라남도,곡성군,석곡면
두지마을,전라남도,곡성군,석곡면
봉암마을,전라남도,곡성군,석곡면
평리1구마을,전라남도,곡성군,목사동면
평리2구마을,전라남도,곡성군,목사동면
평리3구마을,전라남도,곡성군,목사동면
동암마을,전라남도,곡성군,목사동면
구룡마을,전라남도,곡성군,목사동면
용사1구마을,전라남도,곡성군,목사동면
용사2구마을,전라남도,곡성군,목사동면
수곡1구마을,전라남도,곡성군,목사동면
수곡2구마을,전라남도,곡성군,목사동면
범계1구마을,전라남도,곡성군,목사동면
범계2구마을,전라남도,곡성군,목사동면
공북1구마을,전라남도,곡성군,목사동면
공북2구마을,전라남도,곡성군,목사동면
대곡1구마을,전라남도,곡성군,목사동면
대곡2구마을,전라남도,곡성군,목사동면
대곡3구마을,전라남도,곡성군,목사동면
신기마을,전라남도,곡성군,목사동면
신전1구마을,전라남도,곡성군,목사동면
신전2구마을,전라남도,곡성군,목사동면
죽정1구마을,전라남도,곡성군,목사동면
죽정2구마을,전라남도,곡성군,목사동면
죽정3구마을,전라남도,곡성군,목사동면
용봉1구마을,전라남도,곡성군,목사동면
용봉2구마을,전라남도,곡성군,목사동면
하죽마을,전라남도,곡성군,죽곡면
태평마을,전라남도,곡성군,죽곡면
화양마을,전라남도,곡성군,죽곡면
봉정마을,전라남도,곡성군,죽곡면
죽성마을,전라남도,곡성군,죽곡면
덕양마을,전라남도,곡성군,죽곡면
신풍마을,전라남도,곡성군,죽곡면
반송마을,전라남도,곡성군,죽곡면
연화마을,전라남도,곡성군,죽곡면
삼태마을,전라남도,곡성군,죽곡면
당동마을,전라남도,곡성군,죽곡면
서정마을,전라남도,곡성군,죽곡면
본토마을,전라남도,곡성군,죽곡면
남양마을,전라남도,곡성군,죽곡면
비봉마을,전라남도,곡성군,죽곡면
유봉마을,전라남도,곡성군,죽곡면
동계마을,전라남도,곡성군,죽곡면
창기마을,전라남도,곡성군,죽곡면
삼송마을,전라남도,곡성군,죽곡면
건모마을,전라남도,곡성군,죽곡면
원달마을,전라남도,곡성군,죽곡면
고치마을,전라남도,곡성군,죽곡면
용정마을,전라남도,곡성군,죽곡면
북소마을,전라남도,곡성군,죽곡면
하한마을,전라남도,곡성군,죽곡면
상한마을,전라남도,곡성군,죽곡면
조사마을,전라남도,곡성군,죽곡면
목동1구마을,전라남도,곡성군,고달면
목동2구마을,전라남도,곡성군,고달면
목동3구마을,전라남도,곡성군,고달면
뇌연마을,전라남도,곡성군,고달면
죽림마을,전라남도,곡성군,고달면
대사마을,전라남도,곡성군,고달면
사동마을,전라남도,곡성군,고달면
백곡마을,전라남도,곡성군,고달면
상백마을,전라남도,곡성군,고달면
고달마을,전라남도,곡성군,고달면
수월마을,전라남도,곡성군,고달면
호곡마을,전라남도,곡성군,고달면
두계마을,전라남도,곡성군,고달면
가정마을,전라남도,곡성군,고달면
광암마을,전라남도,곡성군,옥과면
금단마을,전라남도,곡성군,옥과면
금의마을,전라남도,곡성군,옥과면
리문마을,전라남도,곡성군,옥과면
무창마을,전라남도,곡성군,옥과면
배감마을,전라남도,곡성군,옥과면
보정마을,전라남도,곡성군,옥과면
설옥마을,전라남도,곡성군,옥과면
소룡마을,전라남도,곡성군,옥과면
수리마을,전라남도,곡성군,옥과면
신수마을,전라남도,곡성군,옥과면
신흥마을,전라남도,곡성군,옥과면
옥과마을,전라남도,곡성군,옥과면
옥전마을,전라남도,곡성군,옥과면
용두마을,전라남도,곡성군,옥과면
율사마을,전라남도,곡성군,옥과면
주산마을,전라남도,곡성군,옥과면
죽림마을,전라남도,곡성군,옥과면
지동마을,전라남도,곡성군,옥과면
지방마을,전라남도,곡성군,옥과면
합강마을,전라남도,곡성군,옥과면
황산마을,전라남도,곡성군,옥과면
무림동마을,전라남도,곡성군,옥과면
매월1구마을,전라남도,곡성군,입면
매월2구마을,전라남도,곡성군,입면
매월3구마을,전라남도,곡성군,입면
흑석마을,전라남도,곡성군,입면
대장1구마을,전라남도,곡성군,입면
대장2구마을,전라남도,곡성군,입면
약천마을,전라남도,곡성군,입면
만수1구마을,전라남도,곡성군,입면
만수2구마을,전라남도,곡성군,입면
금산1구마을,전라남도,곡성군,입면
금산마을,전라남도,곡성군,입면
금산마을,전라남도,곡성군,입면
금산4구마을,전라남도,곡성군,입면
서봉1구마을,전라남도,곡성군,입면
서봉2구마을,전라남도,곡성군,입면
제월마을,전라남도,곡성군,입면
제월마을,전라남도,곡성군,입면
제월마을,전라남도,곡성군,입면
창정1구마을,전라남도,곡성군,입면
창정2구마을,전라남도,곡성군,입면
창정3구마을,전라남도,곡성군,입면
입석1구마을,전라남도,곡성군,입면
입석2구마을,전라남도,곡성군,입면
삼오마을,전라남도,곡성군,입면
삼오2구마을,전라남도,곡성군,입면
삼오마을,전라남도,곡성군,입면
송전1구마을,전라남도,곡성군,입면
송전2구마을,전라남도,곡성군,입면
송전3구마을,전라남도,곡성군,입면
송전마을,전라남도,곡성군,입면
지리마을,전라남도,곡성군,겸면
현정마을,전라남도,곡성군,겸면
심정마을,전라남도,곡성군,겸면
가정마을,전라남도,곡성군,겸면
평장마을,전라남도,곡성군,겸면
원평마을,전라남도,곡성군,겸면
마전마을,전라남도,곡성군,겸면
산정마을,전라남도,곡성군,겸면
상덕마을,전라남도,곡성군,겸면
회화마을,전라남도,곡성군,겸면
괴정마을,전라남도,곡성군,겸면
초곡마을,전라남도,곡성군,겸면
신흥마을,전라남도,곡성군,겸면
흥복마을,전라남도,곡성군,겸면
대명마을,전라남도,곡성군,겸면
백운마을,전라남도,곡성군,겸면
송강마을,전라남도,곡성군,겸면
대흥마을,전라남도,곡성군,겸면
운교마을,전라남도,곡성군,겸면
죽산마을,전라남도,곡성군,겸면
칠봉마을,전라남도,곡성군,겸면
남양마을,전라남도,곡성군,겸면
부들마을,전라남도,곡성군,오산면
함안마을,전라남도,곡성군,오산면
봉서마을,전라남도,곡성군,오산면
오봉마을,전라남도,곡성군,오산면
율천마을,전라남도,곡성군,오산면
단사마을,전라남도,곡성군,오산면
사리마을,전라남도,곡성군,오산면
조양마을,전라남도,곡성군,오산면
반석마을,전라남도,곡성군,오산면
용계마을,전라남도,곡성군,오산면
작천마을,전라남도,곡성군,오산면
선세마을,전라남도,곡성군,오산면
성덕마을,전라남도,곡성군,오산면
관음사마을,전라남도,곡성군,오산면
가곡마을,전라남도,곡성군,오산면
초현마을,전라남도,곡성군,오산면
청단마을,전라남도,곡성군,오산면
연화마을,전라남도,곡성군,오산면
안평마을,전라남도,곡성군,오산면
운곡1구마을,전라남도,곡성군,오산면
운곡2구마을,전라남도,곡성군,오산면
가학마을,전라남도,해남군,계곡면
강절마을,전라남도,해남군,계곡면
당산마을,전라남도,해남군,계곡면
신기마을,전라남도,해남군,계곡면
태인마을,전라남도,해남군,계곡면
둔주마을,전라남도,해남군,계곡면
덕정마을,전라남도,해남군,계곡면
월암마을,전라남도,해남군,계곡면
반계마을,전라남도,해남군,계곡면
대운마을,전라남도,해남군,계곡면
방춘마을,전라남도,해남군,계곡면
마고마을,전라남도,해남군,계곡면
법곡마을,전라남도,해남군,계곡면
월신마을,전라남도,해남군,계곡면
용호마을,전라남도,해남군,계곡면
장산마을,전라남도,해남군,계곡면
용지마을,전라남도,해남군,계곡면
사정마을,전라남도,해남군,계곡면
신촌마을,전라남도,해남군,계곡면
선진마을,전라남도,해남군,계곡면
신주마을,전라남도,해남군,계곡면
성진마을,전라남도,해남군,계곡면
신성마을,전라남도,해남군,계곡면
무이마을,전라남도,해남군,계곡면
신평마을,전라남도,해남군,계곡면
용계마을,전라남도,해남군,계곡면
여수마을,전라남도,해남군,계곡면
잠두마을,전라남도,해남군,계곡면
만년마을,전라남도,해남군,계곡면
장소마을,전라남도,해남군,계곡면
황죽마을,전라남도,해남군,계곡면
노하마을,전라남도,해남군,마산면
덕인마을,전라남도,해남군,마산면
원항마을,전라남도,해남군,마산면
맹진마을,전라남도,해남군,마산면
북창마을,전라남도,해남군,마산면
산막마을,전라남도,해남군,마산면
호교마을,전라남도,해남군,마산면
장성마을,전라남도,해남군,마산면
상등마을,전라남도,해남군,마산면
송석마을,전라남도,해남군,마산면
원덕마을,전라남도,해남군,마산면
월곡마을,전라남도,해남군,마산면
월산마을,전라남도,해남군,마산면
당두마을,전라남도,해남군,마산면
연구마을,전라남도,해남군,마산면
지동마을,전라남도,해남군,마산면
추당마을,전라남도,해남군,마산면
신당마을,전라남도,해남군,마산면
외호마을,전라남도,해남군,마산면
대상마을,전라남도,해남군,마산면
신덕마을,전라남도,해남군,마산면
신기마을,전라남도,해남군,마산면
용반마을,전라남도,해남군,마산면
용전마을,전라남도,해남군,마산면
고암마을,전라남도,해남군,마산면
남계마을,전라남도,해남군,마산면
장촌마을,전라남도,해남군,마산면
오호마을,전라남도,해남군,마산면
금자마을,전라남도,해남군,마산면
학의마을,전라남도,해남군,마산면
용소마을,전라남도,해남군,마산면
육일시마을,전라남도,해남군,마산면
후동마을,전라남도,해남군,마산면
화내마을,전라남도,해남군,마산면
안정마을,전라남도,해남군,마산면
고당마을,전라남도,해남군,문내면
고전마을,전라남도,해남군,문내면
고대마을,전라남도,해남군,문내면
고평마을,전라남도,해남군,문내면
난대마을,전라남도,해남군,문내면
남외마을,전라남도,해남군,문내면
동내마을,전라남도,해남군,문내면
동외마을,전라남도,해남군,문내면
동영마을,전라남도,해남군,문내면
무고마을,전라남도,해남군,문내면
궁항마을,전라남도,해남군,문내면
외암마을,전라남도,해남군,문내면
공영마을,전라남도,해남군,문내면
용정마을,전라남도,해남군,문내면
증도마을,전라남도,해남군,문내면
서외마을,전라남도,해남군,문내면
서상마을,전라남도,해남군,문내면
서하마을,전라남도,해남군,문내면
목삼마을,전라남도,해남군,문내면
심동마을,전라남도,해남군,문내면
석교마을,전라남도,해남군,문내면
삼덕마을,전라남도,해남군,문내면
송정마을,전라남도,해남군,문내면
일정마을,전라남도,해남군,문내면
신창마을,전라남도,해남군,문내면
선두마을,전라남도,해남군,문내면
남하마을,전라남도,해남군,문내면
남상마을,전라남도,해남군,문내면
임하마을,전라남도,해남군,문내면
양정마을,전라남도,해남군,문내면
동리마을,전라남도,해남군,문내면
예락마을,전라남도,해남군,문내면
이목마을,전라남도,해남군,문내면
원문마을,전라남도,해남군,문내면
신월마을,전라남도,해남군,문내면
사교마을,전라남도,해남군,문내면
신흥마을,전라남도,해남군,문내면
원동마을,전라남도,해남군,문내면
용암마을,전라남도,해남군,문내면
갈우마을,전라남도,해남군,문내면
신평마을,전라남도,해남군,문내면
충평마을,전라남도,해남군,문내면
명량마을,전라남도,해남군,문내면
충무마을,전라남도,해남군,문내면
삼정마을,전라남도,해남군,문내면
학동마을,전라남도,해남군,문내면
갈두마을,전라남도,해남군,북일면
금당마을,전라남도,해남군,북일면
원동마을,전라남도,해남군,북일면
내동마을,전라남도,해남군,북일면
만수마을,전라남도,해남군,북일면
용산마을,전라남도,해남군,북일면
신방마을,전라남도,해남군,북일면
방산마을,전라남도,해남군,북일면
월성마을,전라남도,해남군,북일면
신월마을,전라남도,해남군,북일면
용운마을,전라남도,해남군,북일면
용원마을,전라남도,해남군,북일면
용일마을,전라남도,해남군,북일면
수동마을,전라남도,해남군,북일면
장전마을,전라남도,해남군,북일면
장수마을,전라남도,해남군,북일면
운전마을,전라남도,해남군,북일면
만월마을,전라남도,해남군,북일면
흥촌마을,전라남도,해남군,북일면
삼성마을,전라남도,해남군,북일면
남창마을,전라남도,해남군,북평면
신기마을,전라남도,해남군,북평면
동촌마을,전라남도,해남군,북평면
동해마을,전라남도,해남군,북평면
신평마을,전라남도,해남군,북평면
신홍마을,전라남도,해남군,북평면
묵동마을,전라남도,해남군,북평면
서홍마을,전라남도,해남군,북평면
남성마을,전라남도,해남군,북평면
남전마을,전라남도,해남군,북평면
영전마을,전라남도,해남군,북평면
서호마을,전라남도,해남군,북평면
오산마을,전라남도,해남군,북평면
차경마을,전라남도,해남군,북평면
와룡마을,전라남도,해남군,북평면
신용마을,전라남도,해남군,북평면
용수마을,전라남도,해남군,북평면
산마마을,전라남도,해남군,북평면
이진마을,전라남도,해남군,북평면
금산마을,전라남도,해남군,북평면
안평마을,전라남도,해남군,북평면
평암마을,전라남도,해남군,북평면
구성마을,전라남도,해남군,산이면
업자마을,전라남도,해남군,산이면
방축마을,전라남도,해남군,산이면
금동마을,전라남도,해남군,산이면
시등마을,전라남도,해남군,산이면
반송마을,전라남도,해남군,산이면
대명마을,전라남도,해남군,산이면
산두마을,전라남도,해남군,산이면
금호마을,전라남도,해남군,산이면
노송마을,전라남도,해남군,산이면
건촌마을,전라남도,해남군,산이면
신농마을,전라남도,해남군,산이면
지사마을,전라남도,해남군,산이면
원항마을,전라남도,해남군,산이면
대진마을,전라남도,해남군,산이면
황조마을,전라남도,해남군,산이면
덕곡마을,전라남도,해남군,산이면
덕송마을,전라남도,해남군,산이면
덕호마을,전라남도,해남군,산이면
부흥마을,전라남도,해남군,산이면
학림마을,전라남도,해남군,산이면
백동마을,전라남도,해남군,산이면
해월마을,전라남도,해남군,산이면
흑두마을,전라남도,해남군,산이면
부동마을,전라남도,해남군,산이면
신흥마을,전라남도,해남군,산이면
당후마을,전라남도,해남군,산이면
상공마을,전라남도,해남군,산이면
유동마을,전라남도,해남군,산이면
송천마을,전라남도,해남군,산이면
동월마을,전라남도,해남군,산이면
중촌마을,전라남도,해남군,산이면
예동마을,전라남도,해남군,산이면
신정마을,전라남도,해남군,산이면
진산마을,전라남도,해남군,산이면
두목마을,전라남도,해남군,산이면
초두마을,전라남도,해남군,산이면
비석마을,전라남도,해남군,산이면
내송마을,전라남도,해남군,산이면
외송마을,전라남도,해남군,산이면
대흥마을,전라남도,해남군,삼산면
구림마을,전라남도,해남군,삼산면
용전마을,전라남도,해남군,삼산면
매정마을,전라남도,해남군,삼산면
신금마을,전라남도,해남군,삼산면
봉학마을,전라남도,해남군,삼산면
옹암마을,전라남도,해남군,삼산면
상가마을,전라남도,해남군,삼산면
중리마을,전라남도,해남군,삼산면
계동마을,전라남도,해남군,삼산면
송정마을,전라남도,해남군,삼산면
저산마을,전라남도,해남군,삼산면
도토마을,전라남도,해남군,삼산면
감당마을,전라남도,해남군,삼산면
항리마을,전라남도,해남군,삼산면
신흥마을,전라남도,해남군,삼산면
상금마을,전라남도,해남군,삼산면
수림마을,전라남도,해남군,삼산면
원진마을,전라남도,해남군,삼산면
목신마을,전라남도,해남군,삼산면
농암마을,전라남도,해남군,삼산면
시등마을,전라남도,해남군,삼산면
금산마을,전라남도,해남군,삼산면
용두마을,전라남도,해남군,삼산면
석당마을,전라남도,해남군,삼산면
창리마을,전라남도,해남군,삼산면
신리마을,전라남도,해남군,삼산면
충리마을,전라남도,해남군,삼산면
화내마을,전라남도,해남군,삼산면
산림마을,전라남도,해남군,삼산면
나범마을,전라남도,해남군,삼산면
평활마을,전라남도,해남군,삼산면
신활마을,전라남도,해남군,삼산면
신기마을,전라남도,해남군,삼산면
송암마을,전라남도,해남군,송지면
부평마을,전라남도,해남군,송지면
화내마을,전라남도,해남군,송지면
가차마을,전라남도,해남군,송지면
신정마을,전라남도,해남군,송지면
현안마을,전라남도,해남군,송지면
방처마을,전라남도,해남군,송지면
군안마을,전라남도,해남군,송지면
월강마을,전라남도,해남군,송지면
금강마을,전라남도,해남군,송지면
신흥마을,전라남도,해남군,송지면
마봉마을,전라남도,해남군,송지면
영평마을,전라남도,해남군,송지면
강남마을,전라남도,해남군,송지면
미야마을,전라남도,해남군,송지면
석수마을,전라남도,해남군,송지면
산정2구마을,전라남도,해남군,송지면
엄남마을,전라남도,해남군,송지면
정해마을,전라남도,해남군,송지면
장춘마을,전라남도,해남군,송지면
치소마을,전라남도,해남군,송지면
서정마을,전라남도,해남군,송지면
대죽마을,전라남도,해남군,송지면
소죽마을,전라남도,해남군,송지면
땅끝마을,전라남도,해남군,송지면
중리마을,전라남도,해남군,송지면
송종마을,전라남도,해남군,송지면
송호마을,전라남도,해남군,송지면
어란마을,전라남도,해남군,송지면
어불마을,전라남도,해남군,송지면
외장마을,전라남도,해남군,송지면
내장마을,전라남도,해남군,송지면
동현마을,전라남도,해남군,송지면
미학마을,전라남도,해남군,송지면
우근마을,전라남도,해남군,송지면
통호마을,전라남도,해남군,송지면
사구마을,전라남도,해남군,송지면
통호불등마을,전라남도,해남군,송지면
신평마을,전라남도,해남군,송지면
학가마을,전라남도,해남군,송지면
신기마을,전라남도,해남군,송지면
삼마마을,전라남도,해남군,송지면
해원마을,전라남도,해남군,송지면
동리마을,전라남도,해남군,옥천면
대산마을,전라남도,해남군,옥천면
용심마을,전라남도,해남군,옥천면
백호마을,전라남도,해남군,옥천면
백운마을,전라남도,해남군,옥천면
청용마을,전라남도,해남군,옥천면
가성마을,전라남도,해남군,옥천면
만년마을,전라남도,해남군,옥천면
성산마을,전라남도,해남군,옥천면
송산마을,전라남도,해남군,옥천면
향촌마을,전라남도,해남군,옥천면
화촌마을,전라남도,해남군,옥천면
마고마을,전라남도,해남군,옥천면
남촌마을,전라남도,해남군,옥천면
신계마을,전라남도,해남군,옥천면
내동마을,전라남도,해남군,옥천면
거오마을,전라남도,해남군,옥천면
신죽마을,전라남도,해남군,옥천면
한천마을,전라남도,해남군,옥천면
가곡마을,전라남도,해남군,옥천면
영안마을,전라남도,해남군,옥천면
영신마을,전라남도,해남군,옥천면
호산마을,전라남도,해남군,옥천면
영춘2마을,전라남도,해남군,옥천면
영춘1마을,전라남도,해남군,옥천면
송운마을,전라남도,해남군,옥천면
도림마을,전라남도,해남군,옥천면
용동마을,전라남도,해남군,옥천면
이목마을,전라남도,해남군,옥천면
용정마을,전라남도,해남군,옥천면
문촌마을,전라남도,해남군,옥천면
용산마을,전라남도,해남군,옥천면
월평마을,전라남도,해남군,옥천면
다산마을,전라남도,해남군,옥천면
탑동마을,전라남도,해남군,옥천면
청신마을,전라남도,해남군,옥천면
조운마을,전라남도,해남군,옥천면
팔산마을,전라남도,해남군,옥천면
죽촌마을,전라남도,해남군,옥천면
서원마을,전라남도,해남군,옥천면
화당마을,전라남도,해남군,옥천면
흑천마을,전라남도,해남군,옥천면
학동마을,전라남도,해남군,옥천면
고도마을,전라남도,해남군,해남읍
평남마을,전라남도,해남군,해남읍
구교마을,전라남도,해남군,해남읍
서성마을,전라남도,해남군,해남읍
관동마을,전라남도,해남군,해남읍
학동마을,전라남도,해남군,해남읍
남동마을,전라남도,해남군,해남읍
남외마을,전라남도,해남군,해남읍
남천마을,전라남도,해남군,해남읍
고수마을,전라남도,해남군,해남읍
온인마을,전라남도,해남군,해남읍
부호마을,전라남도,해남군,해남읍
기동마을,전라남도,해남군,해남읍
월교마을,전라남도,해남군,해남읍
장활마을,전라남도,해남군,해남읍
신리마을,전라남도,해남군,해남읍
부흥마을,전라남도,해남군,해남읍
오천마을,전라남도,해남군,해남읍
백야마을,전라남도,해남군,해남읍
길호마을,전라남도,해남군,해남읍
복평마을,전라남도,해남군,해남읍
성내마을,전라남도,해남군,해남읍
수성2마을,전라남도,해남군,해남읍
수성1마을,전라남도,해남군,해남읍
신안마을,전라남도,해남군,해남읍
안동마을,전라남도,해남군,해남읍
옥동마을,전라남도,해남군,해남읍
연동마을,전라남도,해남군,해남읍
남송마을,전라남도,해남군,해남읍
호천마을,전라남도,해남군,해남읍
송용마을,전라남도,해남군,해남읍
용정마을,전라남도,해남군,해남읍
읍내마을,전라남도,해남군,해남읍
평동마을,전라남도,해남군,해남읍
중앙마을,전라남도,해남군,해남읍
해리마을,전라남도,해남군,해남읍
성동마을,전라남도,해남군,해남읍
학의마을,전라남도,해남군,현산면
고현마을,전라남도,해남군,현산면
금제마을,전라남도,해남군,현산면
방두마을,전라남도,해남군,현산면
구산마을,전라남도,해남군,현산면
하구시마을,전라남도,해남군,현산면
상구시마을,전라남도,해남군,현산면
덕흥마을,전라남도,해남군,현산면
봉림마을,전라남도,해남군,현산면
만안마을,전라남도,해남군,현산면
장등마을,전라남도,해남군,현산면
백포마을,전라남도,해남군,현산면
두모마을,전라남도,해남군,현산면
경수마을,전라남도,해남군,현산면
향교마을,전라남도,해남군,현산면
매화마을,전라남도,해남군,현산면
월송마을,전라남도,해남군,현산면
시등마을,전라남도,해남군,현산면
증산마을,전라남도,해남군,현산면
송촌마을,전라남도,해남군,현산면
고담마을,전라남도,해남군,현산면
읍호마을,전라남도,해남군,현산면
공북마을,전라남도,해남군,현산면
탑동마을,전라남도,해남군,현산면
일평마을,전라남도,해남군,현산면
신풍마을,전라남도,해남군,현산면
조산마을,전라남도,해남군,현산면
초호마을,전라남도,해남군,현산면
신방마을,전라남도,해남군,현산면
봉동마을,전라남도,해남군,현산면
황산마을,전라남도,해남군,현산면
원진마을,전라남도,해남군,현산면
분토마을,전라남도,해남군,현산면
가좌마을,전라남도,해남군,화산면
무학마을,전라남도,해남군,화산면
갑길마을,전라남도,해남군,화산면
관동마을,전라남도,해남군,화산면
명성마을,전라남도,해남군,화산면
신풍마을,전라남도,해남군,화산면
명금마을,전라남도,해남군,화산면
마명마을,전라남도,해남군,화산면
중앙마을,전라남도,해남군,화산면
석전마을,전라남도,해남군,화산면
방축마을,전라남도,해남군,화산면
가장마을,전라남도,해남군,화산면
은산마을,전라남도,해남군,화산면
부길마을,전라남도,해남군,화산면
경도마을,전라남도,해남군,화산면
상마마을,전라남도,해남군,화산면
중마마을,전라남도,해남군,화산면
하마마을,전라남도,해남군,화산면
흑석마을,전라남도,해남군,화산면
대지마을,전라남도,해남군,화산면
좌일마을,전라남도,해남군,화산면
탄동마을,전라남도,해남군,화산면
송산마을,전라남도,해남군,화산면
주천마을,전라남도,해남군,화산면
시목마을,전라남도,해남군,화산면
안정마을,전라남도,해남군,화산면
중정마을,전라남도,해남군,화산면
송계마을,전라남도,해남군,화산면
연곡마을,전라남도,해남군,화산면
봉저마을,전라남도,해남군,화산면
석정마을,전라남도,해남군,화산면
연정마을,전라남도,해남군,화산면
월호마을,전라남도,해남군,화산면
선창마을,전라남도,해남군,화산면
재동마을,전라남도,해남군,화산면
율동마을,전라남도,해남군,화산면
용덕마을,전라남도,해남군,화산면
평발마을,전라남도,해남군,화산면
송평마을,전라남도,해남군,화산면
구성마을,전라남도,해남군,화산면
사포마을,전라남도,해남군,화산면
해창마을,전라남도,해남군,화산면
호동마을,전라남도,해남군,화산면
구림마을,전라남도,해남군,화원면
섬동마을,전라남도,해남군,화원면
억수마을,전라남도,해남군,화원면
평리마을,전라남도,해남군,화원면
절골마을,전라남도,해남군,화원면
월산마을,전라남도,해남군,화원면
마천마을,전라남도,해남군,화원면
부동마을,전라남도,해남군,화원면
매계마을,전라남도,해남군,화원면
월래마을,전라남도,해남군,화원면
양화마을,전라남도,해남군,화원면
산촌마을,전라남도,해남군,화원면
학상마을,전라남도,해남군,화원면
산수마을,전라남도,해남군,화원면
석호마을,전라남도,해남군,화원면
신용마을,전라남도,해남군,화원면
온수마을,전라남도,해남군,화원면
가랍마을,전라남도,해남군,화원면
척북마을,전라남도,해남군,화원면
사동마을,전라남도,해남군,화원면
신평마을,전라남도,해남군,화원면
저상마을,전라남도,해남군,화원면
별암마을,전라남도,해남군,화원면
구지마을,전라남도,해남군,화원면
장재마을,전라남도,해남군,화원면
월하마을,전라남도,해남군,화원면
당포마을,전라남도,해남군,화원면
수동마을,전라남도,해남군,화원면
인지마을,전라남도,해남군,화원면
장수마을,전라남도,해남군,화원면
장평마을,전라남도,해남군,화원면
이목마을,전라남도,해남군,화원면
중리마을,전라남도,해남군,화원면
상리마을,전라남도,해남군,화원면
하리마을,전라남도,해남군,화원면
신주광마을,전라남도,해남군,화원면
초동마을,전라남도,해남군,화원면
화봉마을,전라남도,해남군,화원면
가마마을,전라남도,해남군,화원면
온덕마을,전라남도,해남군,화원면
질마마을,전라남도,해남군,화원면
후포마을,전라남도,해남군,화원면
송촌마을,전라남도,해남군,화원면
내산마을,전라남도,해남군,황산면
신성마을,전라남도,해남군,황산면
관춘마을,전라남도,해남군,황산면
산동마을,전라남도,해남군,황산면
평덕마을,전라남도,해남군,황산면
성만마을,전라남도,해남군,황산면
남리마을,전라남도,해남군,황산면
신곡마을,전라남도,해남군,황산면
부곡마을,전라남도,해남군,황산면
성산마을,전라남도,해남군,황산면
춘정마을,전라남도,해남군,황산면
소정마을,전라남도,해남군,황산면
송호마을,전라남도,해남군,황산면
만년마을,전라남도,해남군,황산면
병온마을,전라남도,해남군,황산면
연당마을,전라남도,해남군,황산면
연당마을,전라남도,해남군,황산면
덕암마을,전라남도,해남군,황산면
와등마을,전라남도,해남군,황산면
연호마을,전라남도,해남군,황산면
청룡마을,전라남도,해남군,황산면
와등마을,전라남도,해남군,황산면
연자마을,전라남도,해남군,황산면
옥동마을,전라남도,해남군,황산면
삼호마을,전라남도,해남군,황산면
옥연마을,전라남도,해남군,황산면
초월마을,전라남도,해남군,황산면
송청마을,전라남도,해남군,황산면
외입마을,전라남도,해남군,황산면
우항마을,전라남도,해남군,황산면
관두마을,전라남도,해남군,황산면
시등마을,전라남도,해남군,황산면
기성마을,전라남도,해남군,황산면
학동마을,전라남도,해남군,황산면
교동마을,전라남도,해남군,황산면
원호마을,전라남도,해남군,황산면
이목마을,전라남도,해남군,황산면
일신마을,전라남도,해남군,황산면
이목마을,전라남도,해남군,황산면
징의마을,전라남도,해남군,황산면
신정마을,전라남도,해남군,황산면
한자마을,전라남도,해남군,황산면
산소마을,전라남도,해남군,황산면
호동마을,전라남도,해남군,황산면
한아마을,전라남도,해남군,황산면
신흥마을,전라남도,해남군,황산면
